code_uic,nom,commune,departement,lat,lon,paris_min,paris_gare
87313759,Abancourt,Abancourt,OISE,49.685526,1.774495,,
87481614,Abbaretz,Abbaretz,LOIRE-ATLANTIQUE,47.555462,-1.524313,,
87317362,Abbeville,Abbeville,SOMME,50.100849,1.825534,,
87545269,Ablon,Ablon-Sur-Seine,VAL-DE-MARNE,48.723897,2.417862,,
87316745,Acheux-Franleu,Chepy,SOMME,50.08249,1.657197,,
87342048,Achiet,Achiet-Le-Grand,PAS-DE-CALAIS,50.131968,2.780612,,
87386052,Achères-Grand-Cormier,Saint-Germain-En-Laye,YVELINES,48.955145,2.091973,,
87381657,Achères-Ville,Acheres,YVELINES,48.970052,2.077779,,
87757559,Agay,Saint-Raphael,VAR,43.432054,6.856749,,
87781278,Agde,Agde,HERAULT,43.31685,3.461673,,
87586008,Agen,Agen,LOT-ET-GARONNE,44.208341,0.621048,,
87595157,Agonac,Agonac,DORDOGNE,45.287059,0.749343,,
87171702,Aguilcourt-Variscourt,Aguilcourt,AISNE,49.406853,3.973515,,
87485193,Aigrefeuille-Le Thou,Le Thou,CHARENTE-MARITIME,46.093627,-0.951249,,
87741421,Aiguebelette-le-Lac,Aiguebelette-Le-Lac,SAVOIE,45.536222,5.813118,,
87741256,Aiguebelle,Val-D'Arc,SAVOIE,45.54481,6.305154,,
87734129,Aigueperse,Aigueperse,PUY-DE-DOME,46.014744,3.198198,,
87775858,Aigues-Mortes,Aigues-Mortes,GARD,43.57088,4.191092,,
87586693,Aiguillon,Aiguillon,LOT-ET-GARONNE,44.29876,0.335088,,
87185629,Aillevillers,Corbenay,HAUTE-SAONE,47.913971,6.336785,,
87313221,Ailly-sur-Noye,Ailly-Sur-Noye,SOMME,49.7545,2.36399,,
87313098,Ailly-sur-Somme,Ailly-Sur-Somme,SOMME,49.927915,2.201677,,
87775833,Aimargues,Aimargues,GARD,43.678651,4.208742,,
87741769,Aime-La Plagne,Aime-La-Plagne,SAVOIE,45.55437,6.648429,,
87713636,Aiserey,Aiserey,COTE-D'OR,47.170742,5.157577,,
87751404,Aix-en-Provence,Aix-En-Provence,BOUCHES-DU-RHONE,43.522763,5.445177,,
87319012,Aix-en-Provence-TGV,Aix-En-Provence,BOUCHES-DU-RHONE,43.455237,5.317307,183,Paris Gare de Lyon
87741132,Aix-les-Bains-Le Revard,Aix-Les-Bains,SAVOIE,45.68968,5.908769,,
87592667,Aixe-sur-Vienne,Aixe-Sur-Vienne,HAUTE-VIENNE,45.796499,1.145648,,
87722744,Alaï,Tassin-La-Demi-Lune,RHONE,45.751901,4.771827,,
87746115,Albens,Entrelacs,SAVOIE,45.785931,5.948602,,
87313072,Albert,Albert,SOMME,50.005598,2.64401,,
87741645,Albertville,Albertville,SAVOIE,45.669083,6.372403,,
87615005,Albi,Albi,TARN,43.922347,2.137785,,
87615195,Albi-Madeleine,Albi,TARN,43.93862,2.141025,,
87613398,Albias,Albias,TARN-ET-GARONNE,44.090813,1.442956,,
87721266,Albigny-Neuville,Albigny-Sur-Saone,RHONE,45.873871,4.833262,,
87444711,Alençon,Alencon,ORNE,48.43394,0.099146,,
87615187,Alet-les-Bains,Alet-Les-Bains,AUDE,42.997275,2.251998,,
87594234,Allassac,Allassac,CORREZE,45.258567,1.473201,,
87783654,Allenc,Allenc,LOZERE,44.541521,3.66413,,
87731885,Alleyras,Alleyras,HAUTE-LOIRE,44.9188,3.673314,,
87710913,Allée Royale,Saint-Cyr-L'Ecole,YVELINES,48.814407,2.078456,,
87182238,Altkirch,Altkirch,HAUT-RHIN,47.627025,7.240219,,
87775288,Alès,Ales,GARD,44.128032,4.084967,,
87172262,Amagne-Lucquy,Lucquy,ARDENNES,49.523824,4.474687,,
87592311,Ambazac,Ambazac,HAUTE-VIENNE,45.952963,1.406938,,
87574343,Amboise,Amboise,INDRE-ET-LOIRE,47.421528,0.98119,,
87743146,Ambronay-Priay,Ambronay,AIN,46.011586,5.338093,,
87743716,Ambérieu,Amberieu-En-Bugey,AIN,45.953823,5.34239,,
87313874,Amiens,Amiens,SOMME,49.889915,2.31024,,
87171744,Amifontaine,Amifontaine,AISNE,49.484697,3.910682,,
87394205,Amilly-Ouerray,Amilly,EURE-ET-LOIR,48.438096,1.390511,,
87721035,Amplepuis,Amplepuis,RHONE,45.970495,4.327214,,
87481192,Ancenis,Ancenis-Saint-Gereon,LOIRE-ATLANTIQUE,47.369492,-1.177842,,
87172858,Anchamps,Anchamps,ARDENNES,49.930765,4.669872,,
87575332,Anché-Voulon,Anche,VIENNE,46.349739,0.250203,,
87192419,Ancy-sur-Moselle,Ancy-Dornot,MOSELLE,49.05737,6.062762,,
87715102,Andelot,Andelot-En-Montagne,JURA,46.859545,5.923301,,
87381491,Andrésy,Andresy,YVELINES,48.974738,2.04902,,
87726406,Andrézieux,Andrezieux-Boutheon,LOIRE,45.521627,4.255252,,
87484048,Angers-Maître-École,Angers,MAINE-ET-LOIRE,47.466879,-0.532569,,
87484006,Angers-St-Laud,Angers,MAINE-ET-LOIRE,47.464372,-0.556772,91,Paris Montparnasse
87543090,Angerville,Angerville,ESSONNE,48.310411,2.003015,,
87485102,Angoulins-sur-Mer,Angoulins,CHARENTE-MARITIME,46.106811,-1.115128,,
87583005,Angoulême,Angouleme,CHARENTE,45.653643,0.164145,127,Paris Montparnasse
87296566,Anizy-Pinon,Pinon,AISNE,49.495966,3.448804,,
87286856,Annappes,Villeneuve-D'Ascq,NORD,50.622872,3.146407,,
87746008,Annecy,Annecy,HAUTE-SAVOIE,45.902211,6.121833,227,Paris Gare de Lyon
87745497,Annemasse,Annemasse,HAUTE-SAVOIE,46.200487,6.238238,,
87295055,Anor,Anor,NORD,49.985392,4.092727,,
87721324,Anse,Anse,RHONE,45.938605,4.720805,,
87287219,Anstaing,Anstaing,NORD,50.604796,3.192968,,
87757567,Anthéor-Cap-Roux,Saint-Raphael,VAR,43.435398,6.891957,,
87757674,Antibes,Antibes,ALPES-MARITIMES,43.586216,7.119347,,
87317255,Anvin,Anvin,PAS-DE-CALAIS,50.446869,2.255216,,
87191387,Anzeling,Anzeling,MOSELLE,49.262417,6.459586,,
87296459,Appilly,Appilly,OISE,49.580427,3.120163,,
87582726,Arbanats,Arbanats,GIRONDE,44.674321,-0.395514,,
87718155,Arbois,Arbois,JURA,46.912701,5.76309,,
87718841,Arc-et-Senans,Arc-Et-Senans,DOUBS,47.030403,5.776618,,
87144410,Arches,Arches,VOSGES,48.119907,6.528229,,
87580340,Arenc-Euroméditerranée,Marseille,BOUCHES-DU-RHONE,43.312883,5.367807,,
87671479,Arengosse,Arengosse,LANDES,44.006868,-0.809382,,
87784231,Argelès-sur-Mer,Argeles-Sur-Mer,PYRENEES-ORIENTALES,42.544036,3.021639,,
87444539,Argentan,Argentan,ORNE,48.738582,-0.025791,,
87381848,Argenteuil,Argenteuil,VAL-D'OISE,48.947453,2.257259,,
87746859,Argentière,Chamonix-Mont-Blanc,HAUTE-SAVOIE,45.981758,6.926774,,
87597120,Argenton-sur-Creuse,Argenton-Sur-Creuse,INDRE,46.593358,1.517643,,
87753657,Arles,Arles,BOUCHES-DU-RHONE,43.681728,4.63343,,
87345421,Arleux,Arleux,NORD,50.286335,3.12084,,
87286146,Armentières,Armentieres,NORD,50.680764,2.876225,,
87396549,Arnage,Arnage,SARTHE,47.929315,0.189966,,
87281121,Arnèke,Arneke,NORD,50.830773,2.408162,,
87545467,Arpajon,Arpajon,ESSONNE,48.586031,2.240991,,
87342014,Arras,Arras,PAS-DE-CALAIS,50.286701,2.781878,49,Paris Gare du Nord
87394486,Arrou,Commune Nouvelle D'Arrou,EURE-ET-LOIR,48.101238,1.129586,,
87192401,Ars-sur-Moselle,Ars-Sur-Moselle,MOSELLE,49.074238,6.077933,,
87543058,Artenay,Artenay,LOIRET,48.080063,1.883056,,
87672212,Artix,Artix,PYRENEES-ATLANTIQUES,43.393299,-0.57083,,
87734251,Arvant,Bournoncle-Saint-Pierre,HAUTE-LOIRE,45.365319,3.310539,,
87286864,Ascq,Villeneuve-D'Ascq,NORD,50.621949,3.159824,,
87381137,Asnières-sur-Seine,Asnieres-Sur-Seine,HAUTS-DE-SEINE,48.905357,2.283829,,
87763250,Aspres-sur-Buëch,Aspres-Sur-Buech,HAUTES-ALPES,44.51938,5.754332,,
87672162,Assat,Assat,PYRENEES-ATLANTIQUES,43.254994,-0.295652,,
87613075,Assier,Assier,LOT,44.674707,1.869375,,
87545251,Athis-Mons,Athis-Mons,ESSONNE,48.711185,2.402039,,
87751750,Aubagne,Aubagne,BOUCHES-DU-RHONE,43.296248,5.566927,,
87594465,Aubazine-St-Hilaire,Saint-Hilaire-Peyroux,CORREZE,45.181787,1.641852,,
87386730,Aubergenville-Élisabethville,Aubergenville,YVELINES,48.971821,1.847199,,
87734111,Aubiat,Aubiat,PUY-DE-DOME,45.983875,3.160423,,
87491233,Aubie-St-Antoine,Val De Virvee,GIRONDE,45.016494,-0.419333,,
87611764,Aubiet,Aubiet,GERS,43.650044,0.789299,,
87345447,Aubigny-au-Bac,Aubigny-Au-Bac,NORD,50.268483,3.158288,,
87342246,Aubigny-en-Artois,Aubigny-En-Artois,PAS-DE-CALAIS,50.353084,2.592967,,
87396572,Aubigné-Racan,Aubigne-Racan,SARTHE,47.687351,0.264903,,
87613224,Aubin,Aubin,AVEYRON,44.527367,2.239091,,
87316604,Aubin-St-Vaast,Aubin-Saint-Vaast,PAS-DE-CALAIS,50.394541,1.970644,,
87191684,Auboué,Auboue,MEURTHE-ET-MOSELLE,49.21595,5.970192,,
87172122,Aubrives,Aubrives,ARDENNES,50.104344,4.761791,,
87597823,Aubusson,Aubusson,CREUSE,45.960536,2.160767,,
87611749,Auch,Auch,GERS,43.647617,0.596901,,
87317230,Auchy-lès-Hesdin,Auchy-Les-Hesdin,PAS-DE-CALAIS,50.39642,2.102363,,
87444059,Audrieu,Audrieu,CALVADOS,49.21633,-0.587594,,
87281428,Audruicq,Audruicq,PAS-DE-CALAIS,50.875389,2.077157,,
87194357,Audun-le-Roman,Audun-Le-Roman,MEURTHE-ET-MOSELLE,49.366616,5.891025,,
87194555,Audun-le-Tiche,Audun-Le-Tiche,MOSELLE,49.478079,5.957601,,
87415158,Auffay,Val-De-Scie,SEINE-MARITIME,49.715678,1.09846,,
87562421,Aulnat-Aéroport,Aulnat,PUY-DE-DOME,45.792056,3.160985,,
87271411,Aulnay-sous-Bois,Aulnay-Sous-Bois,SEINE-SAINT-DENIS,48.932258,2.494081,,
87295600,Aulnoye-Aymeries,Aulnoye-Aymeries,NORD,50.196805,3.842774,,
87313767,Aumale,Aumale,SEINE-MARITIME,49.764965,1.756365,,
87783266,Aumont-Aubrac,Peyre En Aubrac,LOZERE,44.706191,3.291179,,
87545657,Auneau,Roinville,EURE-ET-LOIR,48.446062,1.780181,,
87476200,Auray,Auray,MORBIHAN,47.680333,-3.000401,,
87726760,Aurec,Aurec-Sur-Loire,HAUTE-LOIRE,45.370913,4.198274,,
87645002,Aurillac,Aurillac,CANTAL,44.921283,2.436202,,
87611384,Auterive,Auterive,HAUTE-GARONNE,43.348893,1.46859,,
87694570,Autun,Autun,SAONE-ET-LOIRE,46.954957,4.292902,,
87276543,Auvers-sur-Oise,Auvers-Sur-Oise,VAL-D'OISE,49.071008,2.176812,,
87683573,Auxerre-St-Gervais,Auxerre,YONNE,47.797611,3.585465,,
87713347,Auxonne,Tillenay,COTE-D'OR,47.192658,5.377063,,
87683789,Avallon,Avallon,YONNE,47.495835,3.912693,,
87171579,Avenay,Avenay-Val-D'Or,MARNE,49.064692,4.043516,,
87381038,Avenue-Foch,Paris,PARIS,48.870956,2.275505,,
87381046,Avenue-Henri-Martin,Paris,PARIS,48.864346,2.272148,,
87543207,Avenue-du-Président-Kennedy-Radio-France,Paris,PARIS,48.853038,2.280644,,
87295725,Avesnelles,Avesnelles,NORD,50.119802,3.946048,,
87295733,Avesnes,Avesnes-Sur-Helpe,NORD,50.126472,3.933747,,
87765008,Avignon-Centre,Avignon,VAUCLUSE,43.941689,4.803993,,
87318964,Avignon-TGV,Avignon,VAUCLUSE,43.921852,4.785989,161,Paris Gare de Lyon
87616011,Avignonet,Avignonet-Lauragais,HAUTE-GARONNE,43.364722,1.783815,,
87342584,Avion,Avion,PAS-DE-CALAIS,50.406991,2.833917,,
87576439,Avord,Avord,CHER,47.034813,2.652551,,
87718551,Avoudrey,Avoudrey,DOUBS,47.129848,6.434664,,
87448514,Avranches,Avranches,MANCHE,48.691443,-1.369216,,
87313296,Avrechy,Avrechy,OISE,49.444714,2.417994,,
87611533,Ax-les-Thermes,Ax-Les-Thermes,ARIEGE,42.724771,1.833467,,
87171561,Ay,Aÿ-Champagne,MARNE,49.048687,4.001621,,
87437806,Aytré-Plage,Aytre,CHARENTE-MARITIME,46.126668,-1.12732,,
87571638,Azay-le-Rideau,Azay-Le-Rideau,INDRE-ET-LOIRE,47.266533,0.447697,,
87574442,Azay-sur-Cher,Montlouis-Sur-Loire,INDRE-ET-LOIRE,47.365087,0.86035,,
87141408,Azerailles,Azerailles,MEURTHE-ET-MOSELLE,48.49132,6.69587,,
87590349,Babinière,La Chapelle-Sur-Erdre,LOIRE-ATLANTIQUE,47.258859,-1.544931,,
87141416,Baccarat,Baccarat,MEURTHE-ET-MOSELLE,48.451979,6.744285,,
87613604,Bagnac,Bagnac-Sur-Cele,LOT,44.665107,2.16013,,
87684191,Bagneaux-sur-Loing,Bagneaux-Sur-Loing,SEINE-ET-MARNE,48.230494,2.703401,,
87764571,Bagnols,Bagnols-Sur-Ceze,GARD,44.161569,4.62706,,
87783647,Bagnols-Chadenet,Chadenet,LOZERE,44.528614,3.628354,,
87773457,Baillargues,Baillargues,HERAULT,43.653139,4.006768,,
87394411,Bailleau-le-Pin,Bailleau-Le-Pin,EURE-ET-LOIR,48.36687,1.324844,,
87286179,Bailleul,Bailleul,NORD,50.728778,2.733394,,
87342592,Bailleul-Sir-Berthoult,Bailleul-Sir-Berthoult,PAS-DE-CALAIS,50.335303,2.84109,,
87710780,Bailly,Bailly,YVELINES,48.837178,2.074291,,
87144147,Bains-les-Bains,Le Clerjus,VOSGES,47.981117,6.295203,,
87141531,Bainville-sur-Madon,Bainville-Sur-Madon,MEURTHE-ET-MOSELLE,48.585995,6.099541,,
87286872,Baisieux,Baisieux,NORD,50.618595,3.234784,,
87313569,Balagny-St-Épin,Balagny-Sur-Therain,OISE,49.294257,2.344247,,
87726869,Balbigny,Balbigny,LOIRE,45.819248,4.185523,,
87571604,Ballan,Ballan-Mire,INDRE-ET-LOIRE,47.336342,0.616633,,
87681437,Ballancourt,Ballancourt-Sur-Essonne,ESSONNE,48.532222,2.371185,,
87111864,Balsièges-Bourg,Balsieges,LOZERE,44.482069,3.456602,,
87783324,Banassac-La Canourgue,Banassac-Canilhac,LOZERE,44.439516,3.185829,,
87755223,Bandol,Bandol,VAR,43.14042,5.750206,,
87474189,Bannalec,Bannalec,FINISTERE,47.926942,-3.706932,,
87182840,Bantzenheim,Bantzenheim,HAUT-RHIN,47.811589,7.505385,,
87784298,Banyuls-sur-Mer,Banyuls-Sur-Mer,PYRENEES-ORIENTALES,42.482891,3.124866,,
87175042,Bar-le-Duc,Bar-Le-Duc,MEUSE,48.773646,5.167223,,
87118299,Bar-sur-Aube,Bar-Sur-Aube,AUBE,48.238441,4.707339,,
87615757,Baraqueville-Carcenac-Peyralès,Baraqueville,AVEYRON,44.270276,2.427578,,
87411264,Barentin-Embranchement,Barentin,SEINE-MARITIME,49.549282,0.9537,,
87297291,Barenton-Bugny,Barenton-Bugny,AISNE,49.630584,3.655934,,
87783563,Barjac,Barjac,LOZERE,44.499384,3.410794,,
87192658,Baroncourt,Dommary-Baroncourt,MEUSE,49.279941,5.705215,,
87214247,Barr,Barr,BAS-RHIN,48.403288,7.457,,
87582759,Barsac,Barsac,GIRONDE,44.603962,-0.320677,,
87182113,Bartenheim,Bartenheim,HAUT-RHIN,47.634907,7.487635,,
87726778,Bas-Monistrol,Bas-En-Basset,HAUTE-LOIRE,45.297211,4.139526,,
87184200,Bas-Évette,Evette-Salbert,TERRITOIRE-DE-BELFORT,47.681385,6.805714,,
87699223,Base Aérienne,Gievres,LOIR-ET-CHER,47.320087,1.681942,,
87581850,Bassens,Bassens,GIRONDE,44.901592,-0.522244,,
87481770,Batz-sur-Mer,Batz-Sur-Mer,LOIRE-ATLANTIQUE,47.28095,-2.479068,,
87574152,Baule,Baule,LOIRET,47.811487,1.667899,,
87718460,Baume-les-Dames,Baume-Les-Dames,DOUBS,47.354064,6.359332,,
87345280,Bauvin-Provin,Bauvin,NORD,50.511673,2.905041,,
87444067,Bayeux,Bayeux,CALVADOS,49.268596,-0.689816,,
87141218,Bayon,Virecourt,MEURTHE-ET-MOSELLE,48.467879,6.322744,,
87673004,Bayonne,Bayonne,PYRENEES-ATLANTIQUES,43.496732,-1.471551,,
87171462,Bazancourt,Bazancourt,MARNE,49.361396,4.174522,,
87611723,Baziège,Baziege,HAUTE-GARONNE,43.455075,1.617337,,
87171348,Bazoches,Bazoches-Et-Saint-Thibaut,AISNE,49.305274,3.616468,,
87317610,Beau-Marais,Calais,PAS-DE-CALAIS,50.945417,1.899675,,
87775023,Beaucaire,Beaucaire,GARD,43.802158,4.647373,,
87574160,Beaugency,Beaugency,LOIRET,47.778486,1.625907,,
87756379,Beaulieu-sur-Mer,Beaulieu-Sur-Mer,ALPES-MARITIMES,43.706946,7.331941,,
87387183,Beaumont-le-Roger,Beaumont-Le-Roger,EURE,49.073435,0.77388,,
87713545,Beaune,Beaune,COTE-D'OR,47.022651,4.84852,,
87317198,Beaurainville,Beaurainville,PAS-DE-CALAIS,50.422768,1.895333,,
87582700,Beautiran,Beautiran,GIRONDE,44.701046,-0.450041,,
87313510,Beauvais,Beauvais,OISE,49.426292,2.090001,,
87485342,Beauvoir-sur-Niort,Beauvoir-Sur-Niort,DEUX-SEVRES,46.177685,-0.466423,,
87775809,Beauvoisin,Beauvoisin,GARD,43.724509,4.321315,,
87672774,Bedous,Bedous,PYRENEES-ATLANTIQUES,42.994178,-0.604002,,
87491076,Beillant,Saint-Sever-De-Saintonge,CHARENTE-MARITIME,45.701303,-0.526585,,
87184002,Belfort,Belfort,TERRITOIRE-DE-BELFORT,47.630411,6.855192,,
87300822,Belfort-Montbéliard-TGV,Meroux-Moval,TERRITOIRE-DE-BELFORT,47.586023,6.898445,,
87592485,Bellac,Bellac,HAUTE-VIENNE,46.12526,1.046243,,
87473165,Belle-Isle-Bégard,Louargat,COTES-D'ARMOR,48.593485,-3.32097,,
87745000,Bellegarde,Valserhone,AIN,46.110517,5.825677,163,Paris Gare de Lyon
87641068,Bellenaves,Bellenaves,ALLIER,46.199342,3.066615,,
87486142,Bellevigny,Bellevigny,VENDEE,46.788521,-1.434595,,
87141804,Belleville,Belleville,MEURTHE-ET-MOSELLE,48.819429,6.101683,,
87721357,Belleville-sur-Saône,Belleville-En-Beaujolais,RHONE,46.110937,4.728673,,
87393116,Bellevue,Meudon,HAUTS-DE-SEINE,48.818843,2.229851,,
87743526,Bellignat,Bellignat,AIN,46.238939,5.630502,,
87276550,Belloy-St-Martin,Belloy-En-France,VAL-D'OISE,49.097994,2.361095,,
87783670,Belvezet,Mont Lozere Et Goulet,LOZERE,44.561755,3.751807,,
87595876,Belvès,Pays De Belves,DORDOGNE,44.777375,1.011886,,
87476408,Belz-Ploemel,Ploemel,MORBIHAN,47.652549,-3.072226,,
87214122,Benfeld,Benfeld,BAS-RHIN,48.373645,7.584029,,
87576447,Bengy,Bengy-Sur-Craon,CHER,47.000016,2.749764,,
87584268,Bergerac,Bergerac,DORDOGNE,44.857181,0.489256,,
87281105,Bergues,Bergues,NORD,50.96795,2.426389,,
87295808,Berlaimont,Berlaimont,NORD,50.198083,3.809371,,
87444299,Bernay,Bernay,EURE,49.087212,0.598934,,
87592352,Bersac,Bersac-Sur-Rivalier,HAUTE-VIENNE,46.084606,1.432222,,
87215335,Berthelming,Berthelming,MOSELLE,48.809317,7.008898,,
87141424,Bertrichamps,Bertrichamps,MEURTHE-ET-MOSELLE,48.428332,6.791368,,
87345553,Bertry,Bertry,NORD,50.091153,3.44903,,
87300863,Besançon-Franche-Comté-TGV,Les Auxons,DOUBS,47.308765,5.956208,128,Paris Gare de Lyon
87718015,Besançon-Mouillère,Besancon,DOUBS,47.240519,6.034042,,
87718007,Besançon-Viotte,Besancon,DOUBS,47.247335,6.021802,,
87471219,Beslé,Guemene-Penfao,LOIRE-ATLANTIQUE,47.69932,-1.870113,,
87276642,Bessancourt,Bessancourt,VAL-D'OISE,49.035731,2.20986,,
87696336,Bessay,Bessay-Sur-Allier,ALLIER,46.445606,3.36123,,
87471045,Betton,Betton,ILLE-ET-VILAINE,48.18102,-1.634363,,
87343160,Beuvrages,Beuvrages,NORD,50.391128,3.505293,,
87342402,Beuvry (Pas-de-Calais),Beuvry,PAS-DE-CALAIS,50.535854,2.691355,,
87393363,Beynes,Beynes,YVELINES,48.859387,1.875791,,
87723544,Beynost,Beynost,AIN,45.833843,5.006805,,
87342097,Biache-St-Vaast,Biache-Saint-Vaast,PAS-DE-CALAIS,50.316363,2.941219,,
87673400,Biarritz,Biarritz,PYRENEES-ATLANTIQUES,43.459195,-1.545762,,
87328328,Bibliothèque-François-Mitterrand,Paris,PARIS,48.827248,2.379742,,
87673699,Bidarray-Pont-Noblia,Bidarray,PYRENEES-ATLANTIQUES,43.268029,-1.345006,,
87517912,Bidos,Bidos,PYRENEES-ATLANTIQUES,43.17893,-0.606977,,
87144188,Biffontaine,Biffontaine,VOSGES,48.205953,6.807192,,
87576306,Bigny,Vallenay,CHER,46.801904,2.36823,,
87345140,Billy-Montigny,Billy-Montigny,PAS-DE-CALAIS,50.415276,2.911818,,
87757690,Biot,Antibes,ALPES-MARITIMES,43.611158,7.12653,,
87212308,Bischheim,Schiltigheim,BAS-RHIN,48.611903,7.741838,,
87214296,Bischoffsheim,Bischoffsheim,BAS-RHIN,48.487014,7.497956,,
87213611,Bischwiller,Bischwiller,BAS-RHIN,48.765575,7.851356,,
87182576,Bitschwiller (Haut-Rhin),Bitschwiller-Les-Thann,HAUT-RHIN,47.827706,7.078252,,
87393546,Bièvres,Bievres,ESSONNE,48.750049,2.218045,,
87141135,Blainville-Damelevières,Damelevieres,MEURTHE-ET-MOSELLE,48.566312,6.384064,,
87713073,Blaisy-Bas,Blaisy-Bas,COTE-D'OR,47.373118,4.741629,,
87313809,Blangy-sur-Bresle,Blangy-Sur-Bresle,SEINE-MARITIME,49.932407,1.626207,,
87317248,Blangy-sur-Ternoise,Blangy-Sur-Ternoise,PAS-DE-CALAIS,50.42474,2.172229,,
87581728,Blanquefort,Blanquefort,GIRONDE,44.917568,-0.623774,,
87694612,Blanzy,Blanzy,SAONE-ET-LOIRE,46.693993,4.391262,,
87574004,Blois-Chambord,Blois,LOIR-ET-CHER,47.585364,1.323609,,
87444380,Blonville-sur-Mer-Benerville,Blonville-Sur-Mer,CALVADOS,49.331336,0.035479,,
87574475,Bléré-la-Croix,La Croix-En-Touraine,INDRE-ET-LOIRE,47.337562,0.989009,,
87172049,Bogny-sur-Meuse,Bogny-Sur-Meuse,ARDENNES,49.858854,4.762682,,
87296269,Bohain,Bohain-En-Vermandois,AISNE,49.987879,3.442539,,
87684407,Boigneville,Boigneville,ESSONNE,48.342342,2.379115,,
87381079,Bois-Colombes,Bois-Colombes,HAUTS-DE-SEINE,48.913696,2.272157,,
87721787,Bois-d'Oingt-Légny,Legny,RHONE,45.906516,4.575519,,
87682203,Bois-le-Roi,Bois-Le-Roi,SEINE-ET-MARNE,48.476439,2.69048,,
87342071,Boisleux,Boisleux-Au-Mont,PAS-DE-CALAIS,50.210367,2.771596,,
87543082,Boisseaux,Boisseaux,LOIRET,48.255358,1.97262,,
87645184,Boisset,Boisset,CANTAL,44.785633,2.249574,,
87682518,Boissise-le-Roi,Boissise-Le-Roi,SEINE-ET-MARNE,48.529165,2.57345,,
87381152,Boissy-l'Aillerie,Boissy-L'Aillerie,VAL-D'OISE,49.075799,2.025045,,
87413351,Bolbec-Nointot,Bolbec,SEINE-MARITIME,49.591615,0.486061,,
87182709,Bollwiller,Bollwiller,HAUT-RHIN,47.856633,7.26749,,
87764357,Bollène-la-Croisière,Bollene,VAUCLUSE,44.270429,4.708564,,
87142224,Bologne,Bologne,HAUTE-MARNE,48.198646,5.134534,,
87784801,Bolquère-Eyne,Bolquere,PYRENEES-ORIENTALES,42.498296,2.084885,,
87113407,Bondy,Bondy,SEINE-SAINT-DENIS,48.894395,2.477293,,
87478065,Bonnemain,Bonnemain,ILLE-ET-VILAINE,48.476061,-1.764891,,
87545731,Bonneval,Bonneval,EURE-ET-LOIR,48.186243,1.38615,,
87746339,Bonneville,Bonneville,HAUTE-SAVOIE,46.07751,6.416535,,
87415893,Bonnières,Bonnieres-Sur-Seine,YVELINES,49.038556,1.580451,,
87745596,Bons-en-Chablais,Bons-En-Chablais,HAUTE-SAVOIE,46.269547,6.367966,,
87726414,Bonson,Bonson,LOIRE,45.522318,4.216361,,
87276444,Boran-sur-Oise,Boran-Sur-Oise,OISE,49.167045,2.362764,,
87581009,Bordeaux-St-Jean,Bordeaux,GIRONDE,44.825923,-0.555978,144,Paris Montparnasse
87491019,Bords,Bords,CHARENTE-MARITIME,45.893732,-0.797127,,
87276717,Bornel-Belle-Église,Bornel,OISE,49.194407,2.207223,,
87481200,Bouaye,Bouaye,LOIRE-ATLANTIQUE,47.138072,-1.682439,,
87345389,Bouchain,Neuville-Sur-Escaut,NORD,50.27841,3.332126,,
87775346,Boucoiran,Boucoiran-Et-Nozieres,GARD,43.99273,4.187544,,
87276485,Bouffémont-Moisselles,Bouffemont,VAL-D'OISE,49.045199,2.322965,,
87382440,Bougival,La Celle-Saint-Cloud,YVELINES,48.854136,2.132104,,
87543181,Boulainvilliers,Paris,PARIS,48.856447,2.27522,,
87725473,Boulazac,Boulazac Isle Manoire,DORDOGNE,45.171865,0.773122,,
87317016,Boulogne-Tintelleries,Boulogne-Sur-Mer,PAS-DE-CALAIS,50.727319,1.609335,,
87317586,Boulogne-Ville,Boulogne-Sur-Mer,PAS-DE-CALAIS,50.715265,1.609995,,
87757534,Boulouris-sur-Mer,Saint-Raphael,VAR,43.416282,6.80832,,
87545178,Bouray,Lardy,ESSONNE,48.531869,2.289055,,
87281279,Bourbourg,Bourbourg,NORD,50.95285,2.196369,,
87214775,Bourg-Bruche,Bourg-Bruche,BAS-RHIN,48.360189,7.137239,,
87784876,Bourg-Madame,Bourg-Madame,PYRENEES-ORIENTALES,42.432413,1.948684,,
87741793,Bourg-St-Maurice,Bourg-Saint-Maurice,SAVOIE,45.618121,6.771557,,
87743005,Bourg-en-Bresse,Bourg-En-Bresse,AIN,46.199712,5.214927,,
87576207,Bourges,Bourges,CHER,47.094618,2.394323,,
87481242,Bourgneuf-en-Retz,Villeneuve-En-Retz,LOIRE-ATLANTIQUE,47.046981,-1.955094,,
87723429,Bourgoin-Jallieu,Bourgoin-Jallieu,ISERE,45.583817,5.27361,,
87415323,Bourgtheroulde-Thuit-Hébert,Grand Bourgtheroulde,EURE,49.317575,0.838424,,
87486324,Bournezeau,Bournezeau,VENDEE,46.651489,-1.177611,,
87684118,Bourron-Marlotte-Grez,Bourron-Marlotte,SEINE-ET-MARNE,48.332715,2.692614,,
87393603,Bourth,Bourth,EURE,48.765712,0.804608,,
87481176,Boussay-La Bruffière,Boussay,LOIRE-ATLANTIQUE,47.05058,-1.182802,,
87611095,Boussens,Boussens,HAUTE-GARONNE,43.178423,0.971265,,
87682138,Boussy-St-Antoine,Boussy-Saint-Antoine,ESSONNE,48.681782,2.531035,,
87726216,Bouthéon,Andrezieux-Boutheon,LOIRE,45.526021,4.279862,,
87681478,Boutigny,Boutigny-Sur-Essonne,ESSONNE,48.435066,2.376026,,
87287235,Bouvines,Cysoing,NORD,50.574884,3.202251,,
87193177,Bouzonville,Bouzonville,MOSELLE,49.289874,6.529139,,
87313213,Boves,Boves,SOMME,49.846477,2.398095,,
87726471,Boën,Boen-Sur-Lignon,LOIRE,45.741241,4.004875,,
87615054,Bram,Bram,AUDE,43.24466,2.114998,,
87476242,Brandérion,Branderion,MORBIHAN,47.782459,-3.195686,,
87734244,Brassac-les-Mines-Ste-Florine,Brassac-Les-Mines,PUY-DE-DOME,45.414079,3.330156,,
87611822,Brax-Léguevin,Brax,HAUTE-GARONNE,43.614631,1.237248,,
87713644,Brazey-en-Plaine,Brazey-En-Plaine,COTE-D'OR,47.131778,5.211807,,
87345108,Brebières-Sud,Brebieres,PAS-DE-CALAIS,50.336368,3.013921,,
87756833,Breil-sur-Roya,Breil-Sur-Roya,ALPES-MARITIMES,43.944432,7.516574,,
87182659,Breitenbach,Breitenbach-Haut-Rhin,HAUT-RHIN,48.028549,7.104296,,
87487249,Bressuire,Bressuire,DEUX-SEVRES,46.837578,-0.496438,,
87474007,Brest,Brest,FINISTERE,48.388258,-4.477628,231,Paris Montparnasse
87471102,Breteil,Saint-Gilles,ILLE-ET-VILAINE,48.140627,-1.880279,,
87594762,Bretenoux-Biars,Biars-Sur-Cere,LOT,44.927532,1.844128,,
87313247,Breteuil-Embranchement,Bacouel,OISE,49.626296,2.384546,,
87712265,Bretigny-Norges,Bretigny,COTE-D'OR,47.389856,5.110284,,
87394270,Bretoncelles,Bretoncelles,ORNE,48.433042,0.893692,,
87444042,Bretteville-Norrey,Saint-Manvieu-Norrey,CALVADOS,49.201902,-0.50484,,
87171322,Breuil-Romain,Breuil-Sur-Vesle,MARNE,49.308381,3.766878,,
87545483,Breuillet-Bruyères-le-Châtel,Breuillet,ESSONNE,48.577255,2.191611,,
87545491,Breuillet-Village,Breuillet,ESSONNE,48.564764,2.17143,,
87763607,Briançon,Briancon,HAUTES-ALPES,44.889613,6.63259,,
87696088,Briare,Briare,LOIRET,47.646462,2.733693,,
87592063,Brignac,Royeres,HAUTE-VIENNE,45.863768,1.440622,,
87722728,Brignais,Brignais,RHONE,45.673715,4.763849,,
87747451,Brignoud,Villard-Bonnot,ISERE,45.262477,5.901285,,
87317180,Brimeux,Brimeux,PAS-DE-CALAIS,50.447052,1.831482,,
87694596,Brion-Laizy,Laizy,SAONE-ET-LOIRE,46.90849,4.206993,,
87131961,Brion-Montral-la-Cluse,Brion,AIN,46.175691,5.558441,,
87415364,Brionne,Brionne,EURE,49.196434,0.711469,,
87734269,Brioude,Brioude,HAUTE-LOIRE,45.300607,3.378736,,
87448084,Briouze,Briouze,ORNE,48.702025,-0.367326,,
87594002,Brive-la-Gaillarde,Brive-La-Gaillarde,CORREZE,45.151787,1.529167,,
87473074,Broons,Broons,COTES-D'ARMOR,48.333085,-2.234273,,
87394452,Brou,Brou,EURE-ET-LOIR,48.216944,1.161383,,
87694166,Broye,Saint-Symphorien-De-Marmagne,SAONE-ET-LOIRE,46.862278,4.295033,,
87581736,Bruges,Bruges,GIRONDE,44.885946,-0.608935,,
87212134,Brumath,Brumath,BAS-RHIN,48.733768,7.699786,,
87682120,Brunoy,Brunoy,ESSONNE,48.700513,2.505513,,
87345439,Brunémont,Brunemont,NORD,50.278138,3.146097,,
87144154,Bruyères,Bruyeres,VOSGES,48.204973,6.71874,,
87276451,Bruyères-sur-Oise,Bruyeres-Sur-Oise,VAL-D'OISE,49.155157,2.326423,,
87471037,Bruz,Bruz,ILLE-ET-VILAINE,48.028739,-1.751863,,
87413344,Bréauté-Beuzeville,Breaute,SEINE-MARITIME,49.603688,0.418472,,
87473827,Brélidy-Plouëc,Plouec-Du-Trieux,COTES-D'ARMOR,48.669196,-3.196262,,
87545194,Brétigny,Bretigny-Sur-Orge,ESSONNE,48.605172,2.301386,,
87381624,Bréval,Breval,YVELINES,48.943277,1.541602,,
87387092,Bueil,Bueil,EURE,48.925094,1.443791,,
87592162,Bugeat,Bugeat,CORREZE,45.600599,1.924687,,
87316067,Buire-sur-l'Ancre,Buire-Sur-L'Ancre,SOMME,49.964919,2.598703,,
87342105,Bully-Grenay,Grenay,PAS-DE-CALAIS,50.448049,2.734652,,
87681510,Buno-Gironville,Buno-Bonnevaux,ESSONNE,48.370519,2.387047,,
87296244,Busigny,Busigny,NORD,50.039139,3.445537,,
87491191,Bussac,Bussac-Foret,CHARENTE-MARITIME,45.213037,-0.367961,,
87597708,Busseau-sur-Creuse,Ahun,CREUSE,46.123037,2.023844,,
87592741,Bussière-Galant,Bussiere-Galant,HAUTE-VIENNE,45.607994,1.026935,,
87672634,Buzy-en-Béarn,Buzy,PYRENEES-ATLANTIQUES,43.148218,-0.455839,,
87718122,Byans,Byans-Sur-Doubs,DOUBS,47.118329,5.852088,,
87581801,Bègles,Begles,GIRONDE,44.799422,-0.555217,,
87696468,Béard,Beard,NIEVRE,46.864611,3.318263,,
87382002,Bécon-les-Bruyères,Courbevoie,HAUTS-DE-SEINE,48.905689,2.267932,,
87781609,Bédarieux,Bedarieux,HERAULT,43.610321,3.150456,,
87765198,Bédarrides,Bedarrides,VAUCLUSE,44.039704,4.892581,,
87784892,Béna-Fanes,Enveitg,PYRENEES-ORIENTALES,42.457976,1.916982,,
87673285,Bénesse-Maremne,Benesse-Maremne,LANDES,43.62796,-1.369278,,
87192302,Bénestroff,Benestroff,MOSELLE,48.906756,6.752319,,
87193250,Béning,Bening-Les-Saint-Avold,MOSELLE,49.138234,6.82857,,
87594747,Bétaille,Betaille,LOT,44.942429,1.734686,,
87342006,Béthune,Bethune,PAS-DE-CALAIS,50.520523,2.641981,,
87781005,Béziers,Beziers,HERAULT,43.336721,3.214388,,
87582684,Cadaujac,Cadaujac,GIRONDE,44.751984,-0.537924,,
87444000,Caen,Caen,CALVADOS,49.177648,-0.342458,,
87317321,Caffiers,Caffiers,PAS-DE-CALAIS,50.850418,1.811656,,
87756320,Cagnes-sur-Mer,Cagnes-Sur-Mer,ALPES-MARITIMES,43.657867,7.148513,,
87613000,Cahors,Cahors,LOT,44.447902,1.433017,,
87281071,Calais-Fréthun,Frethun,PAS-DE-CALAIS,50.901445,1.812577,,
87317263,Calais-Ville,Calais,PAS-DE-CALAIS,50.952884,1.846666,,
87473546,Callac,Callac,COTES-D'ARMOR,48.406828,-3.418548,,
87342543,Calonne-Ricouart,Calonne-Ricouart,PAS-DE-CALAIS,50.482748,2.481385,,
87673657,Cambo-les-Bains,Cambo-Les-Bains,PYRENEES-ATLANTIQUES,43.365558,-1.396682,,
87345520,Cambrai,Cambrai,NORD,50.175742,3.243769,,
87783340,Campagnac-St-Geniez,Saint-Saturnin-De-Lenne,AVEYRON,44.414027,3.055216,,
87615229,Campagne,Campagne-Sur-Aude,AUDE,42.916748,2.205489,,
87757625,Cannes,Cannes,ALPES-MARITIMES,43.554019,7.019197,,
87757617,Cannes-la-Bocca,Cannes,ALPES-MARITIMES,43.548588,6.986416,,
87345413,Cantin,Cantin,NORD,50.312428,3.121776,,
87756460,Cap-Martin-Roquebrune,Roquebrune-Cap-Martin,ALPES-MARITIMES,43.761146,7.460359,,
87756395,Cap-d'Ail,Cap-D'Ail,ALPES-MARITIMES,43.720535,7.394455,,
87613109,Capdenac,Capdenac-Gare,AVEYRON,44.578727,2.077223,,
87671156,Capvern,Capvern,HAUTES-PYRENEES,43.104083,0.328689,,
87611061,Carbonne,Carbonne,HAUTE-GARONNE,43.2971,1.210919,,
87615286,Carcassonne,Carcassonne,AUDE,43.217985,2.347755,,
87447243,Carentan,Carentan-Les-Marais,MANCHE,49.300667,-1.233638,,
87473504,Carhaix,Carhaix-Plouguer,FINISTERE,48.27646,-3.563917,,
87172353,Carignan,Carignan,ARDENNES,49.628736,5.168021,,
87615625,Carmaux,Carmaux,TARN,44.048507,2.152253,,
87756478,Carnolès,Roquebrune-Cap-Martin,ALPES-MARITIMES,43.76362,7.4832,,
87755371,Carnoules,Carnoules,VAR,43.297568,6.187158,,
87473561,Carnoët-Locarn,Locarn,COTES-D'ARMOR,48.340399,-3.490519,,
87765735,Carpentras,Carpentras,VAUCLUSE,44.050359,5.043626,,
87753566,Carry-le-Rouet,Carry-Le-Rouet,BOUCHES-DU-RHONE,43.336684,5.153618,,
87208553,Casino-Lacroix-Laval,La Tour-De-Salvagny,RHONE,45.788489,4.729745,,
87281139,Cassel,Oxelaere,NORD,50.787064,2.461558,,
87751776,Cassis,Cassis,BOUCHES-DU-RHONE,43.233881,5.553478,,
87611665,Castelnau-d'Estrétefonds,Castelnau-D'Estretefonds,HAUTE-GARONNE,43.789222,1.338638,,
87615039,Castelnaudary,Castelnaudary,AUDE,43.312357,1.946024,,
87611897,Castelsarrasin,Castelsarrasin,TARN-ET-GARONNE,44.040394,1.114426,,
87584136,Castillon,Castillon-La-Bataille,GIRONDE,44.857012,-0.040687,,
87615468,Castres,Castres,TARN,43.599118,2.231152,,
87345587,Cattenières,Cattenieres,NORD,50.128393,3.333463,,
87582841,Caudrot,Caudrot,GIRONDE,44.580205,-0.144917,,
87345561,Caudry,Caudry,NORD,50.111378,3.409086,,
87581538,Caudéran-Mérignac,Bordeaux,GIRONDE,44.842554,-0.627446,,
87473066,Caulnes,Caulnes,COTES-D'ARMOR,48.283366,-2.155006,,
87613356,Caussade,Caussade,TARN-ET-GARONNE,44.160693,1.532749,,
87765503,Cavaillon,Cavaillon,VAUCLUSE,43.834581,5.044022,,
87491217,Cavignac,Cavignac,GIRONDE,45.105294,-0.382089,,
87611079,Cazères-sur-Garonne,Cazeres,HAUTE-GARONNE,43.212445,1.081147,,
87781542,Ceilhes-Roqueredonde,Roqueredonde,HERAULT,43.80532,3.169335,,
87141572,Ceintrey,Ceintrey,MEURTHE-ET-MOSELLE,48.524675,6.15727,,
87581595,Cenon,Cenon,GIRONDE,44.856367,-0.533639,,
87785006,Cerbère,Cerbere,PYRENEES-ORIENTALES,42.442512,3.165212,,
87543033,Cercottes,Cercottes,LOIRET,47.985745,1.884826,,
87696492,Cercy-la-Tour,Cercy-La-Tour,NIEVRE,46.857803,3.64499,,
87381905,Cergy-Préfecture,Cergy,VAL-D'OISE,49.036499,2.079484,,
87382499,Cergy-St-Christophe,Cergy,VAL-D'OISE,49.049633,2.034288,,
87382655,Cergy-le-Haut,Cergy,VAL-D'OISE,49.048135,2.011539,,
87487280,Cerizay,Cerizay,DEUX-SEVRES,46.817348,-0.667129,,
87182410,Cernay,Cernay,HAUT-RHIN,47.801736,7.173925,,
87276063,Cernay,Ermont,VAL-D'OISE,48.985516,2.256114,,
87723452,Cessieu,Cessieu,ISERE,45.561065,5.375845,,
87682161,Cesson,Cesson,SEINE-ET-MARNE,48.567227,2.593634,,
87334490,Cesson-Sévigné,Cesson-Sevigne,ILLE-ET-VILAINE,48.112731,-1.601481,,
87743302,Ceyzériat,Ceyzeriat,AIN,46.18326,5.325761,,
87592873,Chabanais,Chabanais,CHARENTE,45.872461,0.716911,,
87597112,Chabenet,Le Pont-Chretien-Chabenet,INDRE,46.627663,1.508703,,
87576223,Chabris,Chabris,INDRE,47.2551,1.64608,,
87713578,Chagny,Chagny,SAONE-ET-LOIRE,46.907189,4.749352,,
87574111,Chaingy-Fourneaux-Plage,Chaingy,LOIRET,47.877017,1.782367,,
87583690,Chalais,Chalais,CHARENTE,45.270765,0.043489,,
87481390,Challans,Challans,VENDEE,46.841022,-1.873105,,
87725002,Chalon-sur-Saône,Chalon-Sur-Saone,SAONE-ET-LOIRE,46.781581,4.842664,,
87484204,Chalonnes,Chalonnes-Sur-Loire,MAINE-ET-LOIRE,47.342787,-0.743797,,
87734731,Chamalières-sur-Loire,Chamalieres-Sur-Loire,HAUTE-LOIRE,45.205991,3.992559,,
87545152,Chamarande,Chamarande,ESSONNE,48.513139,2.214008,,
87276725,Chambly,Chambly,OISE,49.163348,2.240756,,
87775221,Chamborigaud,Chamborigaud,GARD,44.300322,3.97943,,
87571463,Chambourg,Chambourg-Sur-Indre,INDRE-ET-LOIRE,47.181651,0.965424,,
87741009,Chambéry-Challes-les-Eaux,Chambery,SAVOIE,45.573295,5.918864,173,Paris Gare de Lyon
87721829,Chamelet,Chamelet,RHONE,45.98167,4.507016,,
87462085,Chamonix-Aiguille du Midi,Chamonix-Mont-Blanc,HAUTE-SAVOIE,45.91981,6.866755,,
87746784,Chamonix-Mont-Blanc,Chamonix-Mont-Blanc,HAUTE-SAVOIE,45.922458,6.873932,,
87741231,Chamousset,Chamousset,SAVOIE,45.557699,6.203035,,
87276030,Champ-de-Courses-d'Enghien,Soisy-Sous-Montmorency,VAL-D'OISE,48.979777,2.291241,,
87393058,Champ-de-Mars-Tour-Eiffel,Paris,PARIS,48.856562,2.289815,,
87171926,Champagne-Ardenne-TGV,Bezannes,MARNE,49.21368,3.995694,,
87276519,Champagne-sur-Oise,Champagne-Sur-Oise,VAL-D'OISE,49.135519,2.24141,,
87682450,Champagne-sur-Seine,Champagne-Sur-Seine,SEINE-ET-MARNE,48.406631,2.799388,,
87185348,Champagney,Champagney,HAUTE-SAONE,47.702885,6.702577,,
87715326,Champagnole,Champagnole,JURA,46.749442,5.910073,,
87396275,Champagné,Champagne,SARTHE,48.020342,0.337237,,
87115873,Champbenoist-Poigny,Poigny,SEINE-ET-MARNE,48.545487,3.287148,,
87141085,Champigneulles,Champigneulles,MEURTHE-ET-MOSELLE,48.735937,6.168327,,
87683128,Champigny-sur-Yonne,Champigny,YONNE,48.324448,3.129275,,
87725457,Champlan,Champlan,ESSONNE,48.708191,2.280554,,
87683615,Champs-St-Bris,Champs-Sur-Yonne,YONNE,47.738623,3.6037,,
87484352,Champtocé-sur-Loire,Champtoce-Sur-Loire,MAINE-ET-LOIRE,47.41023,-0.868029,,
87783530,Chanac,Esclanedes,LOZERE,44.474088,3.345564,,
87116509,Changis-St-Jean,Changis-Sur-Marne,SEINE-ET-MARNE,48.959162,3.025402,,
87381475,Chanteloup-les-Vignes,Chanteloup-Les-Vignes,YVELINES,48.97036,2.027421,,
87481051,Chantenay,Nantes,LOIRE-ATLANTIQUE,47.197043,-1.594359,,
87696302,Chantenay-St-Imbert,Chantenay-Saint-Imbert,NIEVRE,46.729691,3.170068,,
87276113,Chantilly-Gouvieux,Chantilly,OISE,49.187213,2.459459,,
87486332,Chantonnay,Chantonnay,VENDEE,46.68979,-1.054574,,
87734343,Chapeauroux,Saint Bonnet-Laval,LOZERE,44.837841,3.742014,,
87722710,Chaponost,Chaponost,RHONE,45.698847,4.764649,,
87276162,Chaponval,Auvers-Sur-Oise,VAL-D'OISE,49.069128,2.141749,,
87721530,Charbonnières-les-Bains,Charbonnieres-Les-Bains,RHONE,45.782299,4.73572,,
87172007,Charleville-Mézières,Charleville-Mezieres,ARDENNES,49.768391,4.725645,,
87144055,Charmes,Charmes,VOSGES,48.378553,6.30156,,
87381194,Chars,Chars,VAL-D'OISE,49.162405,1.93695,,
87394007,Chartres,Chartres,EURE-ET-LOIR,48.44927,1.48217,,
87682419,Chartrettes,Chartrettes,SEINE-ET-MARNE,48.487036,2.695109,,
87722561,Chasse-sur-Rhône,Chasse-Sur-Rhone,ISERE,45.581569,4.796127,,
87575225,Chasseneuil (Vienne),Chasseneuil-Du-Poitou,VIENNE,46.651917,0.372901,,
87583443,Chasseneuil-sur-Bonnieure,Chasseneuil-Sur-Bonnieure,CHARENTE,45.824235,0.453605,,
87775148,Chasseradès,Mont Lozere Et Goulet,LOZERE,44.553903,3.839818,,
87694778,Chauffailles,Chauffailles,SAONE-ET-LOIRE,46.207421,4.345647,,
87712679,Chaugey,Losne,COTE-D'OR,47.087644,5.255037,,
87313478,Chaulnes,Chaulnes,SOMME,49.807043,2.802085,,
87142000,Chaumont,Chaumont,HAUTE-MARNE,48.109507,5.134553,,
87381228,Chaumont-en-Vexin,Chaumont-En-Vexin,OISE,49.261179,1.873438,,
87296616,Chauny,Chauny,AISNE,49.610175,3.221794,,
87382333,Chaville-Rive-Droite,Chaville,HAUTS-DE-SEINE,48.811737,2.187588,,
87393207,Chaville-Rive-Gauche,Chaville,HAUTS-DE-SEINE,48.804897,2.189228,,
87393173,Chaville-Vélizy,Viroflay,YVELINES,48.799547,2.184449,,
87721415,Chazay-Marcilly,Marcilly-D'Azergues,RHONE,45.873144,4.725448,,
87746701,Chedde,Passy,HAUTE-SAVOIE,45.926311,6.719853,,
87694398,Cheilly-lès-Maranges,Cheilly-Les-Maranges,SAONE-ET-LOIRE,46.892584,4.675646,,
87116111,Chelles-Gournay,Chelles,SEINE-ET-MARNE,48.874149,2.58271,,
87683532,Chemilly-Appoigny,Chemilly-Sur-Yonne,YONNE,47.897343,3.554347,,
87484246,Chemillé,Chemille-En-Anjou,MAINE-ET-LOIRE,47.217733,-0.732182,,
87546317,Chemin-d'Antony,Antony,HAUTS-DE-SEINE,48.747909,2.31258,,
87141382,Chenevières,Chenevieres,MEURTHE-ET-MOSELLE,48.519501,6.632788,,
87574491,Chenonceaux-Chisseaux,Chenonceaux,INDRE-ET-LOIRE,47.330629,1.067218,,
87317495,Chepy-Valines,Chepy,SOMME,50.068279,1.635904,,
87444877,Cherbourg-en-Cotentin,Cherbourg-En-Cotentin,MANCHE,49.624197,-1.618319,,
87721761,Chessy,Chessy,RHONE,45.885436,4.622492,,
87471458,Chevaigné,Chevaigne,ILLE-ET-VILAINE,48.208693,-1.630461,,
87175117,Chevillon,Chevillon,HAUTE-MARNE,48.524136,5.111915,,
87543041,Chevilly,Chevilly,LOIRET,48.02675,1.879296,,
87276311,Chevrières,Chevrieres,OISE,49.337422,2.682764,,
87393637,Chilly-Mazarin,Chilly-Mazarin,ESSONNE,48.700568,2.308264,,
87741116,Chindrieux,Chindrieux,SAVOIE,45.803299,5.846698,,
87571687,Chinon,Chinon,INDRE-ET-LOIRE,47.163239,0.252318,,
87783290,Chirac,Bourgs Sur Colagne,LOZERE,44.515671,3.254492,,
87574848,Chissay-en-Touraine,Chissay-En-Touraine,LOIR-ET-CHER,47.33501,1.134711,,
87342220,Chocques,Chocques,PAS-DE-CALAIS,50.537884,2.56695,,
87545285,Choisy-le-Roi,Choisy-Le-Roi,VAL-DE-MARNE,48.76374,2.411227,,
87484303,Cholet,Cholet,MAINE-ET-LOIRE,47.06581,-0.869697,,
87763425,Chorges,Chorges,HAUTES-ALPES,44.545727,6.271774,,
87574301,Chouzy,Valloire-Sur-Cisse,LOIR-ET-CHER,47.520321,1.247857,,
87747212,Châbons,Chabons,ISERE,45.438153,5.428038,,
87174003,Châlons-en-Champagne,Chalons-En-Champagne,MARNE,48.955248,4.349004,,
87751230,Château-Arnoux-St-Auban,Chateau-Arnoux-Saint-Auban,ALPES-DE-HAUTE-PROVENCE,44.061502,5.997672,,
87543066,Château-Gaillard,Santilly,EURE-ET-LOIR,48.140688,1.912396,,
87574665,Château-Renault,Chateau-Renault,INDRE-ET-LOIRE,47.587895,0.901495,,
87116582,Château-Thierry,Chateau-Thierry,AISNE,49.037839,3.40979,,
87396606,Château-du-Loir,Montval-Sur-Loir,SARTHE,47.682998,0.417239,,
87595165,Château-l'Évêque,Chateau-L'Eveque,DORDOGNE,45.245036,0.688883,,
87471524,Châteaubourg,Chateaubourg,ILLE-ET-VILAINE,48.106429,-1.404033,,
87481648,Châteaubriant,Chateaubriant,LOIRE-ATLANTIQUE,47.717012,-1.371399,,
87590372,Châteaubriant Tram-Train,Chateaubriant,LOIRE-ATLANTIQUE,47.717484,-1.371273,,
87545756,Châteaudun,Chateaudun,EURE-ET-LOIR,48.073184,1.338379,,
87474791,Châteaulin,Chateaulin,FINISTERE,48.201499,-4.094386,,
87592105,Châteauneuf-Bujaleuf,Neuvic-Entier,HAUTE-VIENNE,45.759379,1.645318,,
87491506,Châteauneuf-sur-Charente,Chateauneuf-Sur-Charente,CHARENTE,45.599862,-0.050142,,
87576298,Châteauneuf-sur-Cher,Chateauneuf-Sur-Cher,CHER,46.855767,2.311632,,
87597005,Châteauroux,Chateauroux,INDRE,46.810153,1.70121,,
87696856,Châtel-Censoir,Chatel-Censoir,YONNE,47.537776,3.63514,,
87144071,Châtel-Nomexy,Nomexy,VOSGES,48.307183,6.387758,,
87485110,Châtelaillon,Chatelaillon-Plage,CHARENTE-MARITIME,46.077385,-1.090254,,
87473140,Châtelaudren-Plouagat,Chatelaudren-Plouagat,COTES-D'ARMOR,48.533225,-2.973009,,
87575142,Châtellerault,Chatellerault,VIENNE,46.818534,0.549511,,
87721753,Châtillon-d'Azergues,Chatillon,RHONE,45.875173,4.645186,,
87184259,Chèvremont,Chevremont,TERRITOIRE-DE-BELFORT,47.621706,6.922196,,
87116574,Chézy-sur-Marne,Chezy-Sur-Marne,AISNE,48.991956,3.364738,,
87571836,Cinq-Mars-la-Pile,Cinq-Mars-La-Pile,INDRE-ET-LOIRE,47.345037,0.460349,,
87611376,Cintegabelle,Cintegabelle,HAUTE-GARONNE,43.305245,1.520565,,
87313551,Cires-lès-Mello,Cires-Les-Mello,OISE,49.27149,2.36028,,
87694646,Ciry-le-Noble,Ciry-Le-Noble,SAONE-ET-LOIRE,46.604064,4.299611,,
87721746,Civrieux-d'Azergues,Civrieux-D'Azergues,RHONE,45.859133,4.718426,,
87743344,Cize-Bolozon,Bolozon,AIN,46.21359,5.453802,,
87296178,Clacy-Mons,Clacy-Et-Thierret,AISNE,49.543842,3.576606,,
87391565,Clamart,Clamart,HAUTS-DE-SEINE,48.814151,2.274707,,
87696807,Clamecy,Clamecy,NIEVRE,47.46674,3.520597,,
87747626,Clelles-Mens,Clelles,ISERE,44.827127,5.605161,,
87734004,Clermont-Ferrand,Clermont-Ferrand,PUY-DE-DOME,45.778499,3.100379,,
87782607,Clermont-La Pardieu,Clermont-Ferrand,PUY-DE-DOME,45.766912,3.134296,,
87396895,Clermont-La Rotonde,Clermont-Ferrand,PUY-DE-DOME,45.76792,3.090603,,
87313304,Clermont-de-l'Oise,Clermont,OISE,49.385449,2.417822,,
87184622,Clerval,Pays-De-Clerval,DOUBS,47.396621,6.492127,,
87381129,Clichy-Levallois,Levallois-Perret,HAUTS-DE-SEINE,48.897616,2.2969,,
87491134,Clion-sur-Seugne,Clion,CHARENTE-MARITIME,45.479498,-0.502913,,
87481440,Clisson,Clisson,LOIRE-ATLANTIQUE,47.085909,-1.286502,,
87574509,Cloyes,Cloyes-Les-Trois-Rivieres,EURE-ET-LOIR,47.992275,1.243388,,
87746370,Cluses,Cluses,HAUTE-SAVOIE,46.061402,6.582708,,
87411819,Clères,Cleres,SEINE-MARITIME,49.5991,1.106325,,
87672139,Coarraze-Nay,Coarraze,PYRENEES-ATLANTIQUES,43.182437,-0.242152,,
87473579,Coat-Guégan,Pont-Melvez,COTES-D'ARMOR,48.480425,-3.273687,,
87287243,Cobrieux,Genech,NORD,50.540588,3.219091,,
87491449,Cognac,Cognac,CHARENTE,45.68454,-0.325914,,
87393272,Coignières,Coignieres,YVELINES,48.743737,1.921496,,
87784256,Collioure,Collioure,PYRENEES-ORIENTALES,42.526767,3.078203,,
87713321,Collonges,Collonges-Et-Premieres,COTE-D'OR,47.22097,5.265946,,
87721225,Collonges-Fontaines,Collonges-Au-Mont-D'Or,RHONE,45.82807,4.847166,,
87182014,Colmar,Colmar,HAUT-RHIN,48.072706,7.346746,,
87402297,Colmar-Mésanges,Colmar,HAUT-RHIN,48.085927,7.333897,,
87181222,Colmar-St-Joseph,Colmar,HAUT-RHIN,48.081831,7.344999,,
87381087,Colombes,Colombes,HAUTS-DE-SEINE,48.924065,2.259204,,
87184556,Colombier-Fontaine,Colombier-Fontaine,DOUBS,47.455606,6.689278,,
87611467,Colomiers,Colomiers,HAUTE-GARONNE,43.603481,1.334293,,
87611921,Colomiers-Lycée-International,Colomiers,HAUTE-GARONNE,43.616455,1.314098,,
87144386,Colroy-Lubine,Provencheres-Et-Colroy,VOSGES,48.314562,7.131273,,
87478057,Combourg,Combourg,ILLE-ET-VILAINE,48.41597,-1.727312,,
87682146,Combs-la-Ville-Quincy,Combs-La-Ville,SEINE-ET-MARNE,48.668702,2.546997,,
87286260,Comines,Comines,NORD,50.76129,3.010536,,
87641415,Commentry,Commentry,ALLIER,46.295268,2.740155,,
87175257,Commercy,Commercy,MEUSE,48.766287,5.587275,,
87272047,Compans,Compans,SEINE-ET-MARNE,48.991473,2.665209,,
87276691,Compiègne,Margny-Les-Compiegne,OISE,49.42224,2.823572,,
87387159,Conches,Conches-En-Ouche,EURE,48.962349,0.938987,,
87594382,Condat-le-Lardin,Le Lardin-Saint-Lazare,DORDOGNE,45.126658,1.226449,,
87394288,Condé-sur-Huisne,Sablons Sur Huisne,ORNE,48.384276,0.849696,,
87381459,Conflans-Fin-d'Oise,Conflans-Sainte-Honorine,YVELINES,48.988976,2.074615,,
87192666,Conflans-Jarny,Jarny,MEURTHE-ET-MOSELLE,49.166662,5.868148,,
87381897,Conflans-Ste-Honorine,Conflans-Sainte-Honorine,YVELINES,48.996974,2.098147,,
87396218,Conlie,Conlie,SARTHE,48.126876,-0.009936,,
87396309,Connerré-Beillé,Beille,SARTHE,48.074317,0.48808,,
87144287,Contrexéville,Contrexeville,VOSGES,48.179604,5.8906,,
87345116,Corbehem,Corbehem,PAS-DE-CALAIS,50.343138,3.040822,,
87681007,Corbeil-Essonnes,Corbeil-Essonnes,ESSONNE,48.614071,2.473782,,
87313056,Corbie,Corbie,SOMME,49.912115,2.500681,,
87696617,Corbigny,Corbigny,NIEVRE,47.254892,3.677185,,
87144196,Corcieux-Vanémont,La Houssiere,VOSGES,48.198417,6.87763,,
87272286,Corcy,Corcy,AISNE,49.255265,3.216067,,
87481820,Cordemais,Cordemais,LOIRE-ATLANTIQUE,47.302242,-1.846518,,
87613802,Cordes-Vindrac,Vindrac-Alayrac,TARN,44.068868,1.899148,,
87713537,Corgoloin,Corgoloin,COTE-D'OR,47.083959,4.917011,,
87381863,Cormeilles-en-Parisis,Cormeilles-En-Parisis,VAL-D'OISE,48.968507,2.193121,,
87571430,Cormery,Cormery,INDRE-ET-LOIRE,47.262356,0.83383,,
87594481,Cornil,Cornil,CORREZE,45.215196,1.697799,,
87345132,Coron-de-Méricourt,Mericourt,PAS-DE-CALAIS,50.414986,2.884473,,
87471326,Corps-Nuds,Corps-Nuds,ILLE-ET-VILAINE,47.98516,-1.575345,,
87594119,Corrèze,Saint-Priest-De-Gimel,CORREZE,45.328766,1.879639,,
87478180,Corseul-Languenan,Languenan,COTES-D'ARMOR,48.495132,-2.140068,,
87696146,Cosne-sur-Loire,Cosne-Cours-Sur-Loire,NIEVRE,47.413901,2.93226,,
87171769,Coucy-lès-Eppes,Coucy-Les-Eppes,AISNE,49.55596,3.774746,,
87281402,Coudekerque-Branche,Coudekerque-Branche,NORD,51.020177,2.373901,,
87681635,Coudray-Montceaux,Le Coudray-Montceaux,ESSONNE,48.566157,2.492521,,
87615120,Couffoulens-Leuc,Couffoulens,AUDE,43.155197,2.316896,,
87116731,Couilly-St-Germain,Saint-Germain-Sur-Morin,SEINE-ET-MARNE,48.882683,2.854239,,
87615203,Couiza-Montazels,Montazels,AUDE,42.942411,2.248225,,
87696831,Coulanges-sur-Yonne,Crain,YONNE,47.527018,3.547286,,
87444232,Couliboeuf,Morteaux-Coulibœuf,CALVADOS,48.923652,-0.098209,,
87116301,Coulommiers,Coulommiers,SEINE-ET-MARNE,48.807677,3.082055,,
87382200,Courbevoie,Courbevoie,HAUTS-DE-SEINE,48.897927,2.247524,,
87571448,Courcay-Tauxigny,Courcay,INDRE-ET-LOIRE,47.237833,0.867626,,
87342063,Courcelles-le-Comte,Courcelles-Le-Comte,PAS-DE-CALAIS,50.169306,2.787985,,
87192211,Courcelles-sur-Nied,Courcelles-Sur-Nied,MOSELLE,49.063489,6.310989,,
87171710,Courcy-Brimont,Courcy,MARNE,49.329355,4.014231,,
87781161,Coursan,Coursan,AUDE,43.23104,3.048035,,
87394494,Courtalain-St-Pellerin,Commune Nouvelle D'Arrou,EURE-ET-LOIR,48.074829,1.125661,,
87765180,Courthézon,Courthezon,VAUCLUSE,44.088763,4.888462,,
87394221,Courville-sur-Eure,Courville-Sur-Eure,EURE-ET-LOIR,48.451611,1.236169,,
87718270,Cousance,Cousance,JURA,46.535003,5.386741,,
87592840,Coussac-Bonneval,Coussac-Bonneval,HAUTE-VIENNE,45.507531,1.311167,,
87447110,Coutances,Coutances,MANCHE,49.04253,-1.441648,,
87584516,Coutras,Coutras,GIRONDE,45.03635,-0.131864,,
87584425,Couze,Lalinde,DORDOGNE,44.836411,0.70398,,
87721241,Couzon-au-Mont-d'Or,Couzon-Au-Mont-D'Or,RHONE,45.847712,4.829032,,
87481804,Couëron,Coueron,LOIRE-ATLANTIQUE,47.222025,-1.723503,,
87313544,Cramoisy,Cramoisy,OISE,49.256539,2.405021,,
87613232,Cransac,Cransac,AVEYRON,44.522937,2.271752,,
87683649,Cravant-Bazarnes,Bazarnes,YONNE,47.679545,3.680856,,
87276006,Creil,Creil,OISE,49.263943,2.468915,,
87761783,Crest,Crest,DROME,44.73033,5.015589,,
87396226,Crissé,Crisse,SARTHE,48.16738,-0.064839,,
87753491,Croix-Sainte,Martigues,BOUCHES-DU-RHONE,43.408881,5.01971,,
87286716,Croix-Wasquehal,Wasquehal,NORD,50.679145,3.138717,,
87281055,Croix-l'Allumette,Croix,NORD,50.687264,3.151867,,
87756338,Cros-de-Cagnes,Cagnes-Sur-Mer,ALPES-MARITIMES,43.660647,7.16747,,
87271874,Crouy,Crouy,AISNE,49.403762,3.357036,,
87116640,Crouy-sur-Ourcq,Crouy-Sur-Ourcq,SEINE-ET-MARNE,49.091621,3.062942,,
87116772,Crécy-La Chapelle,Crecy-La-Chapelle,SEINE-ET-MARNE,48.859471,2.90592,,
87723502,Crépieux-la-Pape,Rillieux-La-Pape,RHONE,45.803678,4.89258,,
87296152,Crépy-Couvron,Crepy,AISNE,49.623444,3.516728,,
87271593,Crépy-en-Valois,Crepy-En-Valois,OISE,49.231222,2.888467,,
87608802,Créteil-Pompadour,Creteil,VAL-DE-MARNE,48.771298,2.43555,,
87725713,Crêches-sur-Saône,Creches-Sur-Saone,SAONE-ET-LOIRE,46.245166,4.784291,,
87491266,Cubzac-les-Ponts,Cubzac-Les-Ponts,GIRONDE,44.973813,-0.457522,,
87755355,Cuers-Pierrefeu,Cuers,VAR,43.236689,6.085797,,
87481457,Cugand,Cugand,VENDEE,47.058304,-1.25346,,
87342410,Cuinchy,Cuinchy,PAS-DE-CALAIS,50.522102,2.744916,,
87142125,Culmont-Chalindrey,Culmont,HAUTE-MARNE,47.809158,5.444592,,
87741074,Culoz,Culoz,AIN,45.843225,5.779101,,
87286781,Cysoing,Cysoing,NORD,50.562346,3.209609,,
87582742,Cérons,Cerons,GIRONDE,44.632159,-0.34083,,
87214551,Dachstein,Molsheim,BAS-RHIN,48.542744,7.532651,,
87214213,Dambach-la-Ville,Dambach-La-Ville,BAS-RHIN,48.321587,7.435825,,
87142497,Damblain,Damblain,VOSGES,48.093807,5.656347,,
87615484,Damiatte-St-Paul,Damiatte,TARN,43.656359,1.97426,,
87271536,Dammartin-Juilly-St-Mard,Saint-Mard,SEINE-ET-MARNE,49.032067,2.699099,,
87575126,Dangé,Dange-Saint-Romain,VIENNE,46.937876,0.608811,,
87700146,Danjoutin,Danjoutin,TERRITOIRE-DE-BELFORT,47.617458,6.869075,,
87182253,Dannemarie,Dannemarie,HAUT-RHIN,47.627685,7.125772,,
87718312,Dannemarie-Velesmes,Dannemarie-Sur-Crete,DOUBS,47.203873,5.873779,,
87317081,Dannes-Camiers,Camiers,PAS-DE-CALAIS,50.573482,1.615028,,
87315044,Daours,Aubigny,SOMME,49.899131,2.458824,,
87721449,Dardilly-le-Jubin,Dardilly,RHONE,45.815249,4.761303,,
87721480,Dardilly-les-Mouilles,Ecully,RHONE,45.796476,4.760077,,
87734673,Darsac,Vernassal,HAUTE-LOIRE,45.141596,3.737881,,
87673202,Dax,Dax,LANDES,43.72094,-1.049446,,
87696484,Decize,Decize,NIEVRE,46.837443,3.467499,,
87184440,Delle,Delle,TERRITOIRE-DE-BELFORT,47.505797,7.010177,,
87718429,Deluz,Deluz,DOUBS,47.292616,6.199497,,
87343459,Denain,Denain,NORD,50.334654,3.388699,,
87297143,Dercy-Froidmont,Dercy,AISNE,49.702717,3.692079,,
87212183,Dettwiller,Dettwiller,BAS-RHIN,48.752185,7.463855,,
87276345,Deuil-Montmagny,Deuil-La-Barre,VAL-D'OISE,48.975603,2.33783,,
87172064,Deville,Deville,ARDENNES,49.880227,4.707007,,
87287185,Deûlémont,Quesnoy-Sur-Deule,NORD,50.71635,2.993673,,
87141648,Diarville,Housseville,MEURTHE-ET-MOSELLE,48.397829,6.126315,,
87761841,Die,Die,DROME,44.758378,5.36258,,
87215665,Diemeringen,Diemeringen,BAS-RHIN,48.94097,7.185182,,
87415018,Dieppe,Dieppe,SEINE-MARITIME,49.916477,1.081317,,
87141812,Dieulouard,Dieulouard,MEURTHE-ET-MOSELLE,48.843847,6.071538,,
87611681,Dieupentale,Dieupentale,TARN-ET-GARONNE,43.86652,1.275029,,
87694695,Digoin,Digoin,SAONE-ET-LOIRE,46.485252,3.988009,,
87713008,Dijon-Porte-Neuve,Dijon,COTE-D'OR,47.322813,5.055293,,
87713040,Dijon-Ville,Dijon,COTE-D'OR,47.32296,5.027408,97,Paris Gare de Lyon
87478164,Dinan,Dinan,COTES-D'ARMOR,48.457555,-2.051664,,
87478040,Dingé,Dinge,ILLE-ET-VILAINE,48.350342,-1.685642,,
87474015,Dirinon Loperhet,Loperhet,FINISTERE,48.392742,-4.28573,,
87575191,Dissay,Dissay,VIENNE,46.704009,0.421512,,
87191320,Distroff,Distroff,MOSELLE,49.335095,6.260227,,
87444414,Dives-Cabourg,Dives-Sur-Mer,CALVADOS,49.286573,-0.107684,,
87337378,Dives-sur-Mer-Port-Guillaume,Dives-Sur-Mer,CALVADOS,49.291027,-0.100875,,
87144030,Docelles-Cheniménil,Chenimenil,VOSGES,48.143538,6.610517,,
87478073,Dol-de-Bretagne,Dol-De-Bretagne,ILLE-ET-VILAINE,48.543875,-1.749788,,
87713412,Dole,Dole,JURA,47.096489,5.48828,,
87141119,Dombasle-sur-Meurthe,Dombasle-Sur-Meurthe,MEURTHE-ET-MOSELLE,48.624161,6.342953,,
87718213,Domblans-Voiteur,Domblans,JURA,46.762083,5.597598,,
87396200,Domfront,Domfront-En-Champagne,SARTHE,48.107171,0.026884,,
87721738,Dommartin-Lissieu,Dommartin,RHONE,45.839999,4.734074,,
87316109,Dommartin-Remiencourt,Dommartin,SOMME,49.799669,2.392672,,
87276436,Domont,Domont,VAL-D'OISE,49.032801,2.337697,,
87295774,Dompierre,Dompierre-Sur-Helpe,NORD,50.146217,3.871422,,
87696427,Dompierre-Sept-Fons,Dompierre-Sur-Besbre,ALLIER,46.526417,3.675343,,
87286435,Don-Sainghin,Sainghin-En-Weppes,NORD,50.551851,2.914373,,
87172239,Donchery,Donchery,ARDENNES,49.698316,4.87483,,
87481721,Donges-Bonne Nouvelle,Donges,LOIRE-ATLANTIQUE,47.313986,-2.074925,,
87142273,Donjeux,Donjeux,HAUTE-MARNE,48.366124,5.148489,,
87764290,Donzère,Donzere,DROME,44.442097,4.70526,,
87684233,Dordives,Dordives,LOIRET,48.147316,2.762536,,
87214338,Dorlisheim,Dorlisheim,BAS-RHIN,48.524648,7.493034,,
87171512,Dormans,Dormans,MARNE,49.079153,3.641765,,
87345009,Douai,Douai,NORD,50.371854,3.090451,71,Paris Gare du Nord
87545525,Dourdan,Dourdan,ESSONNE,48.533577,2.009826,,
87540179,Dourdan-la-Forêt,Dourdan,ESSONNE,48.535619,1.995897,,
87345165,Dourges,Dourges,PAS-DE-CALAIS,50.432028,2.986635,,
87595280,Douzillac,Douzillac,DORDOGNE,45.079332,0.417068,,
87271403,Drancy,Drancy,SEINE-SAINT-DENIS,48.93259,2.456188,,
87756775,Drap-Cantaron,Cantaron,ALPES-MARITIMES,43.75988,7.316939,,
87476770,Drefféac,Dreffeac,LOIRE-ATLANTIQUE,47.482267,-2.049996,,
87316075,Dreuil-lès-Amiens,Dreuil-Les-Amiens,SOMME,49.915034,2.229193,,
87393488,Dreux,Dreux,EURE-ET-LOIR,48.731061,1.370483,,
87212357,Drusenheim,Drusenheim,BAS-RHIN,48.765999,7.947728,,
87571612,Druye,Druye,INDRE-ET-LOIRE,47.306758,0.535751,,
87697342,Dugny-La Courneuve TT,La Courneuve,SEINE-SAINT-DENIS,48.943877,2.411157,,
87281006,Dunkerque,Dunkerque,NORD,51.034645,2.364679,129,Paris Gare du Nord
87214536,Duppigheim,Duppigheim,BAS-RHIN,48.544043,7.587072,,
87641449,Durtol-Nohanent,Durtol,PUY-DE-DOME,45.794654,3.048818,,
87214544,Duttlenheim,Dachstein,BAS-RHIN,48.545437,7.566239,,
87613174,Dégagnac,Degagnac,LOT,44.652455,1.340882,,
87281469,Ebblinghem,Ebblinghem,NORD,50.730692,2.4082,,
87214106,Ebersheim,Ebersheim,BAS-RHIN,48.309939,7.494296,,
87214239,Eichhoffen,Eichhoffen,BAS-RHIN,48.382516,7.449549,,
87141200,Einvaux,Einvaux,MEURTHE-ET-MOSELLE,48.503495,6.393262,,
87411173,Elbeuf-St-Aubin,Saint-Aubin-Les-Elbeuf,SEINE-MARITIME,49.30266,1.010566,,
87784207,Elne,Elne,PYRENEES-ORIENTALES,42.597389,2.963324,,
87763466,Embrun,Embrun,HAUTES-ALPES,44.566748,6.496153,,
87276022,Enghien-les-Bains,Enghien-Les-Bains,VAL-D'OISE,48.973234,2.306454,,
87287276,Ennevelin,Templeuve-En-Pevele,NORD,50.549467,3.158811,,
87765826,Entraigues-sur-la-Sorgue,Entraigues-Sur-La-Sorgue,VAUCLUSE,44.005387,4.922476,,
87214528,Entzheim,Entzheim,BAS-RHIN,48.547177,7.629369,,
87171553,Epernay,Epernay,MARNE,49.0464,3.960135,,
87214221,Epfig,Epfig,BAS-RHIN,48.363719,7.450428,,
87590356,Erdre-Active,La Chapelle-Sur-Erdre,LOIRE-ATLANTIQUE,47.282989,-1.54462,,
87276055,Ermont-Eaubonne,Ermont,VAL-D'OISE,48.980825,2.271236,,
87276584,Ermont-Halte,Ermont,VAL-D'OISE,48.98995,2.263419,,
87784843,Err,Err,PYRENEES-ORIENTALES,42.442767,2.028889,,
87214148,Erstein,Erstein,BAS-RHIN,48.423296,7.638508,,
87116327,Esbly,Esbly,SEINE-ET-MARNE,48.903156,2.810676,,
87611707,Escalquens,Escalquens,HAUTE-GARONNE,43.520615,1.540028,,
87345496,Escaudoeuvres,Escaudœuvres,NORD,50.192368,3.276391,,
87272096,Esches,Esches,OISE,49.212507,2.171046,,
87615211,Espéraza,Esperaza,AUDE,42.935798,2.218243,,
87281113,Esquelbecq,Esquelbecq,NORD,50.888812,2.412247,,
87681601,Essonnes-Robinson,Corbeil-Essonnes,ESSONNE,48.60601,2.463531,,
87784827,Estavar,Estavar,PYRENEES-ORIENTALES,42.463246,2.01782,,
87722579,Estressin,Vienne,ISERE,45.539367,4.869283,,
87313387,Estrées-St-Denis,Estrees-Saint-Denis,OISE,49.437883,2.642715,,
87571422,Esvres,Esvres,INDRE-ET-LOIRE,47.284122,0.781574,,
87317537,Eu,Eu,SEINE-MARITIME,50.05438,1.417069,,
87681361,Evry-Val de Seine,Evry-Courcouronnes,ESSONNE,48.634608,2.452146,,
87592881,Exideuil-sur-Vienne,Exideuil-Sur-Vienne,CHARENTE,45.88625,0.666931,,
87592121,Eymoutiers-Vassivière,Eymoutiers,HAUTE-VIENNE,45.739731,1.740449,,
87582478,Facture-Biganos,Biganos,GIRONDE,44.637171,-0.966206,,
87342527,Farbus,Farbus,PAS-DE-CALAIS,50.358509,2.830685,,
87116277,Faremoutiers-Pommeuse,Pommeuse,SEINE-ET-MARNE,48.808574,2.993352,,
87193524,Farschviller,Farschviller,MOSELLE,49.087988,6.908157,,
87193516,Farébersviller,Farebersviller,MOSELLE,49.118082,6.861821,,
87576173,Faubourg-d'Orléans,Romorantin-Lanthenay,LOIR-ET-CHER,47.366833,1.740234,,
87611046,Fauga,Le Fauga,HAUTE-GARONNE,43.402939,1.281501,,
87193359,Faulquemont,Faulquemont,MOSELLE,49.045486,6.603766,,
87212266,Fegersheim-Lipsheim,Lipsheim,BAS-RHIN,48.490806,7.672329,,
87182626,Fellering,Fellering,HAUT-RHIN,47.897703,6.986995,,
87597849,Felletin,Felletin,CREUSE,45.886502,2.169456,,
87611962,Fenouillet-St-Alban,Fenouillet,HAUTE-GARONNE,43.687334,1.3995,,
87684241,Ferrières-Fontenay,Fontenay-Sur-Loing,LOIRET,48.096595,2.772195,,
87316752,Feuquerolles,Feuquieres-En-Vimeu,SOMME,50.064828,1.605362,,
87313742,Feuquières-Broquiers,Feuquieres,OISE,49.654288,1.832557,,
87317503,Feuquières-Fressenneville,Feuquieres-En-Vimeu,SOMME,50.063415,1.589192,,
87726877,Feurs,Feurs,LOIRE,45.746089,4.230745,,
87722538,Feyzin,Feyzin,RHONE,45.664827,4.852451,,
87613091,Figeac,Figeac,LOT,44.603787,2.03782,,
87726729,Firminy,Firminy,LOIRE,45.391725,4.285991,,
87171330,Fismes,Fismes,MARNE,49.310924,3.682513,,
87296871,Flavy-le-Martel,Flavy-Le-Martel,AISNE,49.718856,3.189917,,
87181040,Flaxlanden,Zillisheim,HAUT-RHIN,47.699356,7.30528,,
87448001,Flers,Flers,ORNE,48.744277,-0.573457,,
87721563,Fleurieux-sur-l'Arbresle,Fleurieux-Sur-L'Arbresle,RHONE,45.844585,4.660593,,
87725663,Fleurville-Pont-de-Vaux,Fleurville,SAONE-ET-LOIRE,46.450043,4.883568,,
87696633,Flez-Cuzy-Tannay,Tannay,NIEVRE,47.363017,3.615135,,
87611616,Foix,Foix,ARIEGE,42.969649,1.606884,,
87447649,Folligny,Folligny,MANCHE,48.828971,-1.405923,,
87775379,Fons-St-Mamert,Fons,GARD,43.907261,4.206741,,
87784819,Font-Romeu-Odeillo-Via,Font-Romeu-Odeillo-Via,PYRENEES-ORIENTALES,42.491217,2.038504,,
87682427,Fontaine-le-Port,Fontaine-Le-Port,SEINE-ET-MARNE,48.487158,2.751224,,
87682211,Fontainebleau-Avon,Avon,SEINE-ET-MARNE,48.417524,2.727228,,
87713586,Fontaines-Mercurey,Fontaines,SAONE-ET-LOIRE,46.851149,4.775282,,
87491159,Fontaines-d'Ozillac,Fontaines-D'Ozillac,CHARENTE-MARITIME,45.389416,-0.384539,,
87756858,Fontan-Saorge,Fontan,ALPES-MARITIMES,43.997409,7.551578,,
87393405,Fontenay-le-Fleury,Fontenay-Le-Fleury,YVELINES,48.807151,2.041108,,
87141051,Fontenoy-sur-Moselle,Fontenoy-Sur-Moselle,MEURTHE-ET-MOSELLE,48.711788,5.9805,,
87784769,Fontpédrouse-St-Thomas-les-Bains,Fontpedrouse,PYRENEES-ORIENTALES,42.513699,2.188619,,
87193003,Forbach,Forbach,MOSELLE,49.189372,6.900869,,
87313833,Formerie,Formerie,OISE,49.654726,1.723704,,
87485326,Fors,Fors,DEUX-SEVRES,46.235872,-0.407095,,
87753442,Fos-sur-Mer,Port-De-Bouc,BOUCHES-DU-RHONE,43.428089,4.974723,,
87413377,Foucart-Alvimare,Foucart,SEINE-MARITIME,49.608442,0.598223,,
87214734,Fouday,Fouday,BAS-RHIN,48.425248,7.187395,,
87141036,Foug,Foug,MEURTHE-ET-MOSELLE,48.679168,5.789705,,
87471201,Fougeray-Langon,Langon,ILLE-ET-VILAINE,47.729813,-1.851136,,
87486316,Fougeré,Fougere,VENDEE,46.66508,-1.231239,,
87313841,Fouilloy,Fouilloy,OISE,49.736747,1.826252,,
87342204,Fouquereuil,Fouquereuil,PAS-DE-CALAIS,50.525381,2.609396,,
87696229,Fourchambault,Fourchambault,NIEVRE,47.018944,3.087354,,
87295048,Fourmies,Fourmies,NORD,50.015502,4.05377,,
87733675,Fourqueux-Bel Air,Saint-Germain-En-Laye,YVELINES,48.894334,2.069798,,
87576108,Foëcy,Foecy,CHER,47.175639,2.162645,,
87726737,Fraisses-Unieux,Fraisses,LOIRE,45.394982,4.260827,,
87417444,Franchet-d'Esperey,Reims,MARNE,49.24213,4.014088,,
87722702,Francheville,Francheville,RHONE,45.731708,4.770411,,
87276071,Franconville-Plessis-Bouchard,Franconville,VAL-D'OISE,48.993362,2.235113,,
87718304,Franois,Franois,DOUBS,47.227428,5.937512,,
87715136,Frasne,Frasne,DOUBS,46.857704,6.1575,,
87191395,Freistroff,Freistroff,MOSELLE,49.277403,6.491309,,
87296293,Fresnoy-le-Grand,Fresnoy-Le-Grand,AISNE,49.949709,3.432246,,
87286641,Fretin,Fretin,NORD,50.560745,3.148901,,
87592360,Fromental,Fromental,HAUTE-VIENNE,46.172069,1.43334,,
87142240,Froncles,Froncles,HAUTE-MARNE,48.296768,5.141558,,
87741629,Frontenex,Frontenex,SAVOIE,45.630503,6.314579,,
87773556,Frontignan,Frontignan,HERAULT,43.444883,3.75896,,
87141077,Frouard,Frouard,MEURTHE-ET-MOSELLE,48.755588,6.144388,,
87473876,Frynaudour,Plourivo,COTES-D'ARMOR,48.727962,-3.128589,,
87757500,Fréjus,Frejus,VAR,43.431737,6.733403,,
87444182,Frénouville-Cagny,Frenouville,CALVADOS,49.139528,-0.256167,,
87276659,Frépillon,Frepillon,VAL-D'OISE,49.04518,2.197163,,
87574533,Fréteval-Morée,Freteval,LOIR-ET-CHER,47.891919,1.211608,,
87342212,Frévin-Capelle,Frevin-Capelle,PAS-DE-CALAIS,50.347292,2.633455,,
87172098,Fumay,Fumay,ARDENNES,49.986784,4.692751,,
87324095,Futuroscope,Chasseneuil-Du-Poitou,VIENNE,46.669824,0.378103,,
87171371,Fère-en-Tardenois,Fere-En-Tardenois,AISNE,49.208719,3.503965,,
87413542,Fécamp,Fecamp,SEINE-MARITIME,49.759463,0.373906,,
87172874,Fépin,Fepin,ARDENNES,50.023775,4.725781,,
87765446,Gadagne,Chateauneuf-De-Gadagne,VAUCLUSE,43.92974,4.956948,,
87113514,Gagny,Gagny,SEINE-SAINT-DENIS,48.883287,2.526823,,
87615252,Gaillac,Gaillac,TARN,43.907102,1.896682,,
87415620,Gaillon-Aubevoye,Le Val D'Hazey,EURE,49.174963,1.351972,,
87775130,Gallargues,Gallargues-Le-Montueux,GARD,43.716049,4.171264,,
87497461,Galliéni-Cancéropole,Toulouse,HAUTE-GARONNE,43.572133,1.420202,,
87694638,Galuzot,Saint-Vallier,SAONE-ET-LOIRE,46.642068,4.330079,,
87212332,Gambsheim,Gambsheim,BAS-RHIN,48.695104,7.879261,,
87672618,Gan,Gan,PYRENEES-ATLANTIQUES,43.234291,-0.391463,,
87191742,Gandrange-Amnéville,Amneville,MOSELLE,49.26088,6.135943,,
87732404,Gannat,Gannat,ALLIER,46.097618,3.204865,,
87313262,Gannes,Gannes,OISE,49.572141,2.437135,,
87763003,Gap,Gap,HAUTES-ALPES,44.563681,6.085344,,
87393439,Garancières-la-Queue,Garancieres,YVELINES,48.810431,1.764819,,
87382259,Garches-Marnes-la-Coquette,Garches,HAUTS-DE-SEINE,48.838127,2.186884,,
87691436,Garchizy,Garchizy,NIEVRE,47.042982,3.086003,,
87751420,Gardanne,Gardanne,BOUCHES-DU-RHONE,43.45612,5.463191,,
87584235,Gardonne,Gardonne,DORDOGNE,44.834668,0.331968,,
87381566,Gargenville,Gargenville,YVELINES,48.98304,1.809322,,
87276196,Garges-Sarcelles,Garges-Les-Gonesse,VAL-D'OISE,48.976683,2.390573,,
87491225,Gauriaguet,Gauriaguet,GIRONDE,45.055546,-0.398511,,
87393348,Gazeran,Gazeran,YVELINES,48.625964,1.771722,,
87582403,Gazinet-Cestas,Cestas,GIRONDE,44.772097,-0.699416,,
87212258,Geispolsheim,Geispolsheim,BAS-RHIN,48.52119,7.685083,,
87713842,Gemeaux,Gemeaux,COTE-D'OR,47.478141,5.129735,,
87286807,Genech,Genech,NORD,50.531117,3.220451,,
87713313,Genlis,Genlis,COTE-D'OR,47.244384,5.224038,,
87271205,Gennevilliers,Gennevilliers,HAUTS-DE-SEINE,48.933864,2.307259,,
XGENEVE,Genève (Cornavin),GENEVE,SUISSE,46.2102,6.1424,192,Paris Gare de Lyon
87171587,Germaine,Germaine,MARNE,49.128056,4.022859,,
87214254,Gertwiller,Gertwiller,BAS-RHIN,48.413336,7.466355,,
87734046,Gerzat,Gerzat,PUY-DE-DOME,45.833313,3.143097,,
87476309,Gestel,Gestel,MORBIHAN,47.803295,-3.443335,,
87713503,Gevrey-Chambertin,Gevrey-Chambertin,COTE-D'OR,47.227213,4.99892,,
87684290,Gien,Gien,LOIRET,47.698879,2.636757,,
87594325,Gignac-Cressensac,Gignac,LOT,45.01392,1.483447,,
87718577,Gilley,Gilley,DOUBS,47.050355,6.492508,,
87694869,Gilly-sur-Loire,Gilly-Sur-Loire,SAONE-ET-LOIRE,46.53725,3.782079,,
87611772,Gimont-Cahuzac,Gimont,GERS,43.633096,0.867584,,
87582858,Gironde,Gironde-Sur-Dropt,GIRONDE,44.582991,-0.091954,,
87381244,Gisors,Gisors,EURE,49.284909,1.785419,,
87172130,Givet,Givet,ARDENNES,50.14094,4.817814,,
87722405,Givors,Givors,RHONE,45.584388,4.76326,,
87722439,Givors-Canal,Givors,RHONE,45.596071,4.772601,,
87576876,Gièvres,Gievres,LOIR-ET-CHER,47.278904,1.668491,,
87415349,Glos-Montfort,Glos-Sur-Risle,EURE,49.271385,0.682866,,
87757641,Golfe-Juan-Vallauris,Vallauris,ALPES-MARITIMES,43.566165,7.073267,,
87618082,Golfech,Golfech,TARN-ET-GARONNE,44.116213,0.853638,,
87747477,Goncelin,Goncelin,ISERE,45.34188,5.973927,,
87755397,Gonfaron,Gonfaron,VAR,43.317455,6.281963,,
87481432,Gorges,Gorges,LOIRE-ATLANTIQUE,47.100266,-1.306056,,
87613141,Gourdon,Gourdon,LOT,44.740658,1.389598,,
87473801,Gourland,Graces,COTES-D'ARMOR,48.561111,-3.166769,,
87381293,Gournay-Ferrières,Ferrieres-En-Bray,SEINE-MARITIME,49.480949,1.73909,,
87276246,Goussainville,Goussainville,VAL-D'OISE,49.023896,2.463429,,
87214270,Goxwiller,Goxwiller,BAS-RHIN,48.432772,7.478786,,
87212241,Graffenstaden,Geispolsheim,BAS-RHIN,48.532952,7.690043,,
87181131,Graffenwald,Wittelsheim,HAUT-RHIN,47.780542,7.225487,,
87615377,Gragnague,Gragnague,HAUTE-GARONNE,43.697505,1.56784,,
87613059,Gramat,Gramat,LOT,44.773469,1.722316,,
87775254,Grand'Combe-La Pise,La Grand-Combe,GARD,44.209717,4.032588,,
87681353,Grand-Bourg,Evry-Courcouronnes,ESSONNE,48.647769,2.436443,,
87281311,Grande-Synthe,Grande-Synthe,NORD,51.002673,2.313225,,
87184432,Grandvillars,Grandvillars,TERRITOIRE-DE-BELFORT,47.53771,6.978584,,
87313734,Grandvilliers,Grandvilliers,OISE,49.659327,1.940265,,
87447680,Granville,Granville,MANCHE,48.839679,-1.585891,,
87757724,Grasse,Marseille,BOUCHES-DU-RHONE,43.302754,5.380629,,
87281246,Gravelines,Gravelines,NORD,50.978676,2.124353,,
87393645,Gravigny-Balizy,Longjumeau,ESSONNE,48.685146,2.318007,,
87747006,Grenoble,Grenoble,ISERE,45.191284,5.714309,181,Paris Gare de Lyon
87747402,Grenoble Universités-Gières,Gieres,ISERE,45.184968,5.784642,,
87214593,Gresswiller,Gresswiller,BAS-RHIN,48.533186,7.424424,,
87116012,Gretz-Armainvilliers,Gretz-Armainvilliers,SEINE-ET-MARNE,48.745053,2.729,,
87681379,Grigny-Centre,Grigny,ESSONNE,48.651198,2.394129,,
87611673,Grisolles,Grisolles,TARN-ET-GARONNE,43.828961,1.301024,,
87746248,Groisy-Thorens-la-Caille,Groisy,HAUTE-SAVOIE,46.011193,6.175632,,
87276592,Gros-Noyer-St-Prix,Ermont,VAL-D'OISE,48.995238,2.260367,,
87276360,Groslay,Groslay,VAL-D'OISE,48.984424,2.3537,,
87746107,Grésy-sur-Aix,Gresy-Sur-Aix,SAVOIE,45.724134,5.921914,,
87741611,Grésy-sur-Isère,Gresy-Sur-Isere,SAVOIE,45.594502,6.260222,,
87471151,Guichen-Bourg-des-Comptes,Guichen,ILLE-ET-VILAINE,47.935249,-1.759964,,
87171736,Guignicourt,Villeneuve-Sur-Aisne,AISNE,49.434403,3.961336,,
87545129,Guillerval,Guillerval,ESSONNE,48.373656,2.059025,,
87474296,Guimiliau,Guimiliau,FINISTERE,48.485094,-3.996991,,
87473207,Guingamp,Guingamp,COTES-D'ARMOR,48.555697,-3.142153,,
87213223,Gundershoffen,Gundershoffen,BAS-RHIN,48.90524,7.653249,,
87182386,Gunsbach-Griesbach,Griesbach-Au-Val,HAUT-RHIN,48.041617,7.173817,,
87116269,Guérard-La Celle-sur-Morin,Guerard,SEINE-ET-MARNE,48.810403,2.954856,,
87597609,Guéret,Gueret,CREUSE,46.174233,1.879373,,
87673459,Guéthary,Guethary,PYRENEES-ATLANTIQUES,43.425463,-1.608959,,
87694653,Génelard,Genelard,SAONE-ET-LOIRE,46.581181,4.238147,,
87775213,Génolhac,Genolhac,GARD,44.347277,3.951654,,
87775791,Générac,Generac,GARD,43.732395,4.343418,,
87182089,Habsheim,Habsheim,HAUT-RHIN,47.737708,7.418284,,
87297523,Hachette,Locquignol,NORD,50.158018,3.742174,,
87191114,Hagondange,Hagondange,MOSELLE,49.253208,6.163905,,
87213058,Haguenau,Haguenau,BAS-RHIN,48.813269,7.782383,,
87673640,Halsou-Larressore,Halsou,PYRENEES-ATLANTIQUES,43.378282,-1.428103,,
87345249,Halte d'Ostricourt,Ostricourt,NORD,50.445257,3.032143,,
87561143,Halte de Fontanil-Lycée de Drap,Drap,ALPES-MARITIMES,43.764171,7.339017,,
87590331,Haluchère-Batignolles,Nantes,LOIRE-ATLANTIQUE,47.249147,-1.522545,,
87313494,Ham,Muille-Villette,SOMME,49.739575,3.070487,,
87342261,Ham-en-Artois,Ham-En-Artois,PAS-DE-CALAIS,50.588302,2.466291,,
87313114,Hangest,Hangest-Sur-Somme,SOMME,49.981408,2.067314,,
87413302,Harfleur,Harfleur,SEINE-MARITIME,49.51431,0.199778,,
87413708,Harfleur-Halte,Harfleur,SEINE-MARITIME,49.506018,0.19218,,
87313338,Hargicourt-Pierrepont,Trois-Rivieres,SOMME,49.713654,2.531831,,
87181024,Hasenrain,Mulhouse,HAUT-RHIN,47.7363,7.331307,,
87192724,Hatrize,Hatrize,MEURTHE-ET-MOSELLE,49.192554,5.906485,,
87286096,Haubourdin,Haubourdin,NORD,50.606873,2.990238,,
87281899,Haussmann-St-Lazare,Paris,PARIS,48.875015,2.328312,,
87295568,Hautmont,Hautmont,NORD,50.253314,3.914741,,
87191239,Hayange,Hayange,MOSELLE,49.330661,6.072964,,
87172106,Haybes,Haybes,ARDENNES,50.011975,4.705616,,
87286302,Hazebrouck,Hazebrouck,NORD,50.72527,2.54085,,
87214627,Heiligenberg-Mollkirch,Mollkirch,BAS-RHIN,48.527418,7.381375,,
87316398,Heilles-Mouchy,Heilles,OISE,49.340223,2.273568,,
87316059,Heilly,Heilly,SOMME,49.943491,2.539551,,
87286062,Hellemmes,Lille,NORD,50.622882,3.116313,,
87677005,Hendaye,Hendaye,PYRENEES-ATLANTIQUES,43.353809,-1.78147,,
87476259,Hennebont,Hennebont,MORBIHAN,47.798937,-3.28637,,
87193672,Herbitzheim,Herbitzheim,BAS-RHIN,49.013911,7.080044,,
87381889,Herblay,Herblay-Sur-Seine,VAL-D'OISE,48.990414,2.161669,,
87313692,Herchies,Herchies,OISE,49.487189,2.012319,,
87313585,Hermes-Berthecourt,Berthecourt,OISE,49.354401,2.241638,,
87193383,Herny,Herny,MOSELLE,49.003707,6.476819,,
87212340,Herrlisheim,Herrlisheim,BAS-RHIN,48.727647,7.910328,,
87182329,Herrlisheim-près-Colmar,Herrlisheim-Pres-Colmar,HAUT-RHIN,48.017581,7.320826,,
87317107,Hesdigneul,Hesdigneul-Les-Boulogne,PAS-DE-CALAIS,50.658897,1.671108,,
87317222,Hesdin,Hesdin,PAS-DE-CALAIS,50.378297,2.03527,,
87191163,Hettange-Grande,Hettange-Grande,MOSELLE,49.408168,6.156015,,
87295063,Hirson,Hirson,AISNE,49.914635,4.084973,,
87324335,Hirson-Écoles,Hirson,AISNE,49.929721,4.085679,,
87212167,Hochfelden,Hochfelden,BAS-RHIN,48.755175,7.570961,,
87213413,Hoelschloch,Surbourg,BAS-RHIN,48.916277,7.831675,,
87338517,Hoenheim-Tram,Hœnheim,BAS-RHIN,48.628759,7.758132,,
87213686,Hoerdt,Hœrdt,BAS-RHIN,48.703098,7.779769,,
87213447,Hoffen,Hoffen,BAS-RHIN,48.93122,7.933334,,
87191353,Hombourg-Budange,Hombourg-Budange,MOSELLE,49.282467,6.350767,,
87193276,Hombourg-Haut,Hombourg-Haut,MOSELLE,49.126157,6.774298,,
87191692,Homécourt,Homecourt,MEURTHE-ET-MOSELLE,49.2182,5.997872,,
87393462,Houdan,Houdan,YVELINES,48.796001,1.602776,,
87141473,Houdemont,Houdemont,MEURTHE-ET-MOSELLE,48.645181,6.179754,,
87386409,Houilles-Carrières-sur-Seine,Houilles,YVELINES,48.920887,2.184396,,
87444406,Houlgate,Houlgate,CALVADOS,49.300023,-0.077176,,
87193540,Hundling,Hundling,MOSELLE,49.10657,6.977467,,
87641217,Huriel,Huriel,ALLIER,46.37144,2.476189,,
87144220,Hymont-Mattaincourt,Hymont,VOSGES,48.270739,6.140158,,
87755629,Hyères,Hyeres,VAR,43.108661,6.12424,,
87345157,Hénin-Beaumont,Henin-Beaumont,PAS-DE-CALAIS,50.416766,2.952149,,
87184507,Héricourt,Hericourt,HAUTE-SAONE,47.572909,6.769379,,
87682435,Héricy,Hericy,SEINE-ET-MARNE,48.442707,2.76079,,
87144089,Igney,Igney,VOSGES,48.27082,6.399541,,
87215103,Igney-Avricourt,Avricourt,MOSELLE,48.646132,6.803506,,
87393561,Igny,Igny,ESSONNE,48.737741,2.231424,,
87784561,Ille-sur-Têt,Ille-Sur-Tet,PYRENEES-ORIENTALES,42.672159,2.630941,,
87182204,Illfurth,Illfurth,HAUT-RHIN,47.676982,7.269015,,
87394437,Illiers-Combray,Illiers-Combray,EURE-ET-LOIR,48.304239,1.244992,,
87696450,Imphy,Imphy,NIEVRE,46.932312,3.259411,,
87303875,Ingersheim-Cité-Scolaire,Turckheim,HAUT-RHIN,48.088861,7.298141,,
87484360,Ingrandes-sur-Loire,Ingrandes-Le Fresne Sur Loire,MAINE-ET-LOIRE,47.405821,-0.920691,,
87575134,Ingrandes-sur-Vienne,Ingrandes,VIENNE,46.87468,0.569281,,
87213785,Ingwiller,Ingwiller,BAS-RHIN,48.872011,7.476745,,
87393033,Invalides,Paris,PARIS,48.862995,2.313424,,
87722249,Irigny-Yvours,Irigny,RHONE,45.687587,4.831968,,
87713859,Is-sur-Tille,Marcilly-Sur-Tille,COTE-D'OR,47.520234,5.129778,,
87342279,Isbergues,Isbergues,PAS-DE-CALAIS,50.613884,2.463021,,
87116616,Isles-Armentières,Isles-Les-Meldeuses,SEINE-ET-MARNE,48.997989,3.007122,,
87734202,Issoire,Issoire,PUY-DE-DOME,45.544108,3.254208,,
87381574,Issou-Porcheville,Issou,YVELINES,48.979249,1.785562,,
87597062,Issoudun,Issoudun,INDRE,46.950376,1.986487,,
87393074,Issy,Issy-Les-Moulineaux,HAUTS-DE-SEINE,48.819965,2.259487,,
87393306,Issy-Val-de-Seine,Issy-Les-Moulineaux,HAUTS-DE-SEINE,48.829206,2.263062,,
87481622,Issé,Isse,LOIRE-ATLANTIQUE,47.626839,-1.451033,,
87753418,Istres,Istres,BOUCHES-DU-RHONE,43.515453,4.980265,,
87577403,Iteuil,Iteuil,VIENNE,46.484217,0.316918,,
87673665,Itxassou,Itxassou,PYRENEES-ATLANTIQUES,43.324083,-1.395309,,
87545301,Ivry-sur-Seine,Ivry-Sur-Seine,VAL-DE-MARNE,48.81285,2.392955,,
87345397,Iwuy,Iwuy,NORD,50.226276,3.330425,,
87413716,Jacques-Monod-La Demi-Lieue,Montivilliers,SEINE-MARITIME,49.527095,0.185927,,
87471334,Janzé,Janze,ILLE-ET-VILAINE,47.955336,-1.497838,,
87491472,Jarnac,Mainxe-Gondeville,CHARENTE,45.671116,-0.177768,,
87747535,Jarrie-Vizille,Jarrie,ISERE,45.085269,5.742391,,
87141010,Jarville-la-Malgrange,Jarville-La-Malgrange,MEURTHE-ET-MOSELLE,48.6706,6.20173,,
87594085,Jassonneix,Meymac,CORREZE,45.543637,2.139805,,
87575217,Jaunay-Clan,Jaunay-Marigny,VIENNE,46.681981,0.381854,,
87272013,Jaux,Jaux,OISE,49.38668,2.777253,,
87393066,Javel,Paris,PARIS,48.846245,2.276973,,
87295014,Jeumont,Jeumont,NORD,50.295999,4.085582,,
87191700,Joeuf,Jœuf,MEURTHE-ET-MOSELLE,49.225052,6.017658,,
87683243,Joigny,Joigny,YONNE,47.973393,3.391219,,
87172031,Joigny-sur-Meuse,Joigny-Sur-Meuse,ARDENNES,49.833027,4.767823,,
87175091,Joinville,Joinville,HAUTE-MARNE,48.444337,5.144114,,
87784710,Joncet,Serdinya,PYRENEES-ORIENTALES,42.561539,2.311246,,
87700153,Joncherey,Joncherey,TERRITOIRE-DE-BELFORT,47.524814,6.99979,,
87171314,Jonchery-sur-Vesle,Jonchery-Sur-Vesle,MARNE,49.29,3.819585,,
87491142,Jonzac,Jonzac,CHARENTE-MARITIME,45.439091,-0.443484,,
87394155,Jouy,Jouy,EURE-ET-LOIR,48.509977,1.557582,,
87393512,Jouy-en-Josas,Jouy-En-Josas,YVELINES,48.764727,2.166638,,
87571885,Joué-lès-Tours,Joue-Les-Tours,INDRE-ET-LOIRE,47.354296,0.667766,,
87757666,Juan-les-Pins,Antibes,ALPES-MARITIMES,43.571182,7.112083,,
87545244,Juvisy,Juvisy-Sur-Orge,ESSONNE,48.689257,2.383583,,
87381558,Juziers,Juziers,YVELINES,48.992205,1.8459,,
87193664,Kalhausen,Kalhausen,MOSELLE,49.035311,7.12525,,
87159947,Ker-Lann,Bruz,ILLE-ET-VILAINE,48.043372,-1.739312,,
87476432,Kerhostin,Saint-Pierre-Quiberon,MORBIHAN,47.536292,-3.136514,,
87474213,Kerhuon,Le Relecq-Kerhuon,FINISTERE,48.40995,-4.386366,,
87215491,Keskastel,Keskastel,BAS-RHIN,48.965394,7.049042,,
87212324,Kilstett,Kilstett,BAS-RHIN,48.679577,7.855197,,
87214114,Kogenheim,Kogenheim,BAS-RHIN,48.339013,7.535256,,
87338525,Krimmeri-Meinau,Strasbourg,BAS-RHIN,48.563918,7.75214,,
87182642,Kruth,Kruth,HAUT-RHIN,47.923391,6.969473,,
87191312,Kuntzig,Kuntzig,MOSELLE,49.349938,6.234602,,
87213660,Kurtzenhouse,Kurtzenhouse,BAS-RHIN,48.741888,7.81336,,
87191346,Kédange,Kedange-Sur-Canner,MOSELLE,49.305706,6.332346,,
87444638,L'Aigle,L'Aigle,ORNE,48.766582,0.620256,,
87592634,L'Aiguille,Bosmie-L'Aiguille,HAUTE-VIENNE,45.77858,1.205999,,
87721431,L'Arbresle,Eveux,RHONE,45.833496,4.619022,,
87763557,L'Argentière-les-Écrins,L'Argentiere-La-Bessee,HAUTES-ALPES,44.790983,6.55625,,
87751529,L'Ariane,La Trinite,ALPES-MARITIMES,43.73427,7.302321,,
87756809,L'Escarène,L'Escarene,ALPES-MARITIMES,43.839631,7.352028,,
87751602,L'Estaque,Marseille,BOUCHES-DU-RHONE,43.363795,5.321366,,
87486126,L'Herbergement-Les Brouzils,L'Herbergement,VENDEE,46.906896,-1.371246,,
87471060,L'Hermitage-Mordelles,L'Hermitage,ILLE-ET-VILAINE,48.123088,-1.817727,,
87611517,L'Hospitalet-près-l'Andorre,L'Hospitalet-Pres-L'Andorre,ARIEGE,42.589502,1.800027,,
87718528,L'Hôpital-du-Grosbois,L'Hopital-Du-Grosbois,DOUBS,47.169135,6.213029,,
87276527,L'Isle-Adam-Parmain,Parmain,VAL-D'OISE,49.114566,2.209821,,
87765479,L'Isle-Fontaine-de-Vaucluse,L'Isle-Sur-La-Sorgue,VAUCLUSE,43.91717,5.047518,,
87611806,L'Isle-Jourdain,L'Isle-Jourdain,GERS,43.617268,1.089859,,
87761239,L'Isle-d'Abeau,L'Isle-D'Abeau,ISERE,45.60735,5.219821,,
87184572,L'Isle-sur-le-Doubs,L'Isle-Sur-Le-Doubs,DOUBS,47.44734,6.581525,,
87476275,L'Isthme,Saint-Pierre-Quiberon,MORBIHAN,47.546321,-3.133734,,
87382473,L'Étang-la-Ville,L'Etang-La-Ville,YVELINES,48.868187,2.076923,,
87726109,L'Étang-les Sablons,L'Etang-La-Ville,YVELINES,48.872093,2.068614,,
87595595,La Bachellerie,Saint-Rabier,DORDOGNE,45.151081,1.160168,,
87635581,La Barasse,Marseille,BOUCHES-DU-RHONE,43.285965,5.484125,,
87271171,La Barre-Ormesson,Deuil-La-Barre,VAL-D'OISE,48.966872,2.315825,,
87481069,La Basse-Indre-St-Herblain,Saint-Herblain,LOIRE-ATLANTIQUE,47.204187,-1.660236,,
87342436,La Bassée,La Bassee,NORD,50.527709,2.805064,,
87775171,La Bastide-St-Laurent-les-Bains,La Bastide-Puylaurent,LOZERE,44.592678,3.903832,,
87481754,La Baule-Escoublac,La Baule-Escoublac,LOIRE-ATLANTIQUE,47.288698,-2.38926,,
87481697,La Baule-les-Pins,La Baule-Escoublac,LOIRE-ATLANTIQUE,47.283706,-2.364823,,
87481267,La Bernerie-en-Retz,La Bernerie-En-Retz,LOIRE-ATLANTIQUE,47.083156,-2.033746,,
87487843,La Bohalle,Loire-Authion,MAINE-ET-LOIRE,47.434442,-0.400802,,
87387142,La Bonneville-sur-Iton,La Bonneville-Sur-Iton,EURE,48.988301,1.03534,,
87276287,La Borne-Blanche,Orry-La-Ville,OISE,49.126244,2.506801,,
87297085,La Bouteille,La Bouteille,AISNE,49.860069,3.982628,,
87756874,La Brigue,La Brigue,ALPES-MARITIMES,44.062524,7.603034,,
87751271,La Brillanne-Oraison,La Brillanne,ALPES-DE-HAUTE-PROVENCE,43.924727,5.892415,,
87471094,La Brohinière,Montauban-De-Bretagne,ILLE-ET-VILAINE,48.212918,-2.109137,,
87595215,La Cave,Marsac-Sur-L'Isle,DORDOGNE,45.183867,0.627743,,
87592147,La Celle-Corrèze,Lacelle,CORREZE,45.641259,1.826588,,
87382432,La Celle-St-Cloud,La Celle-Saint-Cloud,YVELINES,48.842641,2.138227,,
87486308,La Chaize-le-Vicomte,La Chaize-Le-Vicomte,VENDEE,46.676786,-1.282254,,
87590364,La Chapelle-Aulnay,La Chapelle-Sur-Erdre,LOIRE-ATLANTIQUE,47.30876,-1.541393,,
87481564,La Chapelle-Centre,La Chapelle-Sur-Erdre,LOIRE-ATLANTIQUE,47.295746,-1.548428,,
87543371,La Chapelle-St-Mesmin,La Chapelle-Saint-Mesmin,LOIRET,47.892989,1.827004,,
87571802,La Chapelle-sur-Loire,La Chapelle-Sur-Loire,INDRE-ET-LOIRE,47.251284,0.218648,,
87696195,La Charité-sur-Loire,La Charite-Sur-Loire,NIEVRE,47.179961,3.024082,,
87574251,La Chaussée-St-Victor,La Chaussee-Saint-Victor,LOIR-ET-CHER,47.613178,1.35442,,
87715383,La Chaux-des-Crotenay,Chaux-Des-Crotenay,JURA,46.654504,5.943833,,
87751784,La Ciotat,La Ciotat,BOUCHES-DU-RHONE,43.199303,5.632937,,
87694737,La Clayette-Baudemont,Baudemont,SAONE-ET-LOIRE,46.288191,4.298401,,
87592501,La Coquille,La Coquille,DORDOGNE,45.54135,0.974628,,
87271304,La Courneuve-Aubervilliers,La Courneuve,SEINE-SAINT-DENIS,48.924091,2.385362,,
87753541,La Couronne-Carro,Martigues,BOUCHES-DU-RHONE,43.339951,5.051829,,
87755611,La Crau,La Crau,VAR,43.144872,6.068743,,
87481689,La Croix-de-Méan,Saint-Nazaire,LOIRE-ATLANTIQUE,47.300591,-2.193095,,
87672600,La Croix-du-Prince,Pau,PYRENEES-ATLANTIQUES,43.285809,-0.378991,,
87485474,La Crèche,La Creche,DEUX-SEVRES,46.360523,-0.296227,,
87009696,La Douzillère,Joue-Les-Tours,INDRE-ET-LOIRE,47.338661,0.653001,,
87382218,La Défense,Puteaux,HAUTS-DE-SEINE,48.893237,2.237992,,
87731430,La Défense CNIT,Puteaux,HAUTS-DE-SEINE,48.892911,2.238984,,
87313239,La Faloise,La Faloise,SOMME,49.696636,2.348703,,
87681452,La Ferté-Alais,La Ferte-Alais,ESSONNE,48.484777,2.352036,,
87396325,La Ferté-Bernard,La Ferte-Bernard,SARTHE,48.187332,0.639148,,
87576082,La Ferté-Imbault,La Ferte-Imbault,LOIR-ET-CHER,47.383601,1.958347,,
87116673,La Ferté-Milon,La Ferte-Milon,AISNE,49.179602,3.120823,,
87543124,La Ferté-St-Aubin,La Ferte-Saint-Aubin,LOIRET,47.721488,1.932049,,
87116517,La Ferté-sous-Jouarre,La Ferte-Sous-Jouarre,SEINE-ET-MARNE,48.950968,3.125966,,
87286427,La Fontaine,Wavrin,NORD,50.565735,2.925983,,
87474221,La Forest,La Forest-Landerneau,FINISTERE,48.427037,-4.305527,,
87726232,La Fouillouse,La Fouillouse,LOIRE,45.498857,4.315371,,
87478081,La Fresnais,La Fresnais,ILLE-ET-VILAINE,48.593504,-1.842951,,
87381871,La Frette-Montigny,La Frette-Sur-Seine,VAL-D'OISE,48.980361,2.179921,,
87296632,La Fère,La Fere,AISNE,49.657837,3.370077,,
87755306,La Garde,La Garde,VAR,43.11887,6.010437,,
87386003,La Garenne-Colombes,Colombes,HAUTS-DE-SEINE,48.910178,2.241557,,
87584755,La Gorp,Ambares-Et-Lagrave,GIRONDE,44.928907,-0.49579,,
87478099,La Gouesnière-Cancale,Saint-Meloir-Des-Ondes,ILLE-ET-VILAINE,48.614314,-1.905623,,
87682476,La Grande-Paroisse,La Grande-Paroisse,SEINE-ET-MARNE,48.378765,2.897227,,
87491274,La Grave-d'Ambarès-Gare-Inférieure,Ambares-Et-Lagrave,GIRONDE,44.936975,-0.477192,,
87576470,La Guerche-sur-l'Aubois,La Guerche-Sur-L'Aubois,CHER,46.947629,2.948552,,
87396036,La Guierche,La Guierche,SARTHE,48.114054,0.193218,,
87481416,La Haie-Fouassière,La Haie-Fouassiere,LOIRE-ATLANTIQUE,47.16154,-1.392265,,
87478156,La Hisse,Saint-Samson-Sur-Rance,COTES-D'ARMOR,48.496052,-2.001218,,
87396093,La Hutte-Coulombiers,Fresnay-Sur-Sarthe,SARTHE,48.303313,0.105746,,
87485185,La Jarrie,La Jarrie,CHARENTE-MARITIME,46.12073,-1.023938,,
87592337,La Jonchère,La Jonchere-Saint-Maurice,HAUTE-VIENNE,45.994537,1.480414,,
87746842,La Joux,Chamonix-Mont-Blanc,HAUTE-SAVOIE,45.965838,6.91024,,
87775247,La Levade,La Grand-Combe,GARD,44.228544,4.010336,,
87394254,La Loupe,La Loupe,EURE-ET-LOIR,48.474465,1.011734,,
87286187,La Madeleine,La Madeleine,NORD,50.660739,3.070874,,
87691394,La Marche,La Marche,NIEVRE,47.139767,3.039523,,
87571513,La Membrolle-sur-Choisille,Saint-Cyr-Sur-Loire,INDRE-ET-LOIRE,47.431728,0.641454,,
87592808,La Meyze,La Meyze,HAUTE-VIENNE,45.620794,1.212602,,
87486423,La Mothe-Achard,Les Achards,VENDEE,46.606837,-1.658031,,
87485508,La Mothe-St-Héray,Sainte-Eanne,DEUX-SEVRES,46.380936,-0.129774,,
87473124,La Méaugon,La Meaugon,COTES-D'ARMOR,48.498966,-2.842808,,
87487884,La Ménitré,La Menitre,MAINE-ET-LOIRE,47.3973,-0.275976,,
87545459,La Norville-St-Germain-lès-Arpajon,La Norville,ESSONNE,48.591692,2.267487,,
87755314,La Pauline-Hyères,La Garde,VAR,43.13715,6.035836,,
87751743,La Penne-sur-Huveaune,La Penne-Sur-Huveaune,BOUCHES-DU-RHONE,43.284769,5.515738,,
87164798,La Plaine-Stade-de-France,Saint-Denis,SEINE-SAINT-DENIS,48.918118,2.362724,,
87751719,La Pomme,Marseille,BOUCHES-DU-RHONE,43.290558,5.441386,,
87592295,La Porcherie,La Porcherie,HAUTE-VIENNE,45.574052,1.538432,,
87484337,La Possonnière,La Possonniere,MAINE-ET-LOIRE,47.371368,-0.691721,,
87334508,La Poterie,Rennes,ILLE-ET-VILAINE,48.091988,-1.630584,,
87753574,La Redonne-Ensuès,Ensues-La-Redonne,BOUCHES-DU-RHONE,43.334353,5.197597,,
87726703,La Ricamarie,La Ricamarie,LOIRE,45.403139,4.357552,,
87715144,La Rivière,La Riviere-Drugeon,DOUBS,46.87011,6.213336,,
87594416,La Rivière-de-Mansac,Mansac,CORREZE,45.139675,1.365438,,
87474262,La Roche-Maurice,La Roche-Maurice,FINISTERE,48.474489,-4.203372,,
87746305,La Roche-sur-Foron,La Roche-Sur-Foron,HAUTE-SAVOIE,46.067491,6.303726,,
87486019,La Roche-sur-Yon,La Roche-Sur-Yon,VENDEE,46.672315,-1.436072,,
87583427,La Rochefoucauld,La Rochefoucauld-En-Angoumois,CHARENTE,45.740242,0.389845,,
87437798,La Rochelle-Porte-Dauphine,La Rochelle,CHARENTE-MARITIME,46.167513,-1.151999,,
87485003,La Rochelle-Ville,La Rochelle,CHARENTE-MARITIME,46.151742,-1.146584,178,Paris Montparnasse
87582866,La Réole,La Reole,GIRONDE,44.579767,-0.030796,,
87755264,La Seyne-Six-Fours,La Seyne-Sur-Mer,VAR,43.117154,5.877083,,
87592378,La Souterraine,La Souterraine,CREUSE,46.240376,1.491833,,
87396366,La Suze,La Suze-Sur-Sarthe,SARTHE,47.892371,0.026286,,
87394403,La Taye,Saint-Georges-Sur-Eure,EURE-ET-LOIR,48.407906,1.373681,,
87721548,La Tour-de-Salvagny,La Tour-De-Salvagny,RHONE,45.799702,4.716784,,
87723478,La Tour-du-Pin,La Tour-Du-Pin,ISERE,45.560099,5.449808,,
87575183,La Tricherie,Beaumont Saint-Cyr,VIENNE,46.728654,0.440613,,
87756767,La Trinité-Victor,La Trinite,ALPES-MARITIMES,43.742912,7.311738,,
87723577,La Valbonne,Beligneux,AIN,45.848987,5.124313,,
87723395,La Verpillière,La Verpilliere,ISERE,45.627379,5.151022,,
87393256,La Verrière,La Verriere,YVELINES,48.755429,1.943752,,
87641191,La Ville-Gozet,Montlucon,ALLIER,46.34985,2.591829,,
87394171,La Villette-St-Prest,Saint-Prest,EURE-ET-LOIR,48.482628,1.522904,,
87212316,La Wantzenau,La Wantzenau,BAS-RHIN,48.665345,7.825075,,
87611129,Labarthe-Inard,Labarthe-Inard,HAUTE-GARONNE,43.104854,0.85095,,
87673293,Labenne,Labenne,LANDES,43.587579,-1.428208,,
87715219,Labergement-Ste-Marie,Labergement-Sainte-Marie,DOUBS,46.776611,6.280335,,
87313676,Laboissière-le-Déluge,Laboissiere-En-Thelle,OISE,49.28804,2.136536,,
87582551,Labouheyre,Labouheyre,LANDES,44.210587,-0.921093,,
87615526,Labruguière,Labruguiere,TARN,43.542462,2.259409,,
87612002,Labège-Innopole,Labege,HAUTE-GARONNE,43.551248,1.508994,,
87612028,Labège-Village,Labege,HAUTE-GARONNE,43.533229,1.529239,,
87645150,Lacapelle-Viescamp,Lacapelle-Viescamp,CANTAL,44.919983,2.266205,,
87731828,Lachaud-Curmilhac,Vissac-Auteyrac,HAUTE-LOIRE,45.123283,3.610659,,
87611434,Lacourtensourt,Fenouillet,HAUTE-GARONNE,43.667006,1.41125,,
87592733,Lafarge,Saint-Hilaire-Les-Places,HAUTE-VIENNE,45.634674,1.131212,,
87116319,Lagny-Thorigny,Thorigny-Sur-Marne,SEINE-ET-MARNE,48.882112,2.703953,,
87613471,Laguépie,Laguepie,TARN-ET-GARONNE,44.145476,1.969633,,
87172072,Laifour,Laifour,ARDENNES,49.910963,4.692138,,
87276204,Laigneville,Laigneville,OISE,49.292811,2.44924,,
87396556,Laigné-St-Gervais,Saint-Gervais-En-Belin,SARTHE,47.874771,0.216554,,
87471144,Laillé,Guichen,ILLE-ET-VILAINE,47.971047,-1.749435,,
87783761,Laissac,Laissac-Severac L'Eglise,AVEYRON,44.375054,2.822312,,
87718437,Laissey,Laissey,DOUBS,47.299142,6.233694,,
87613323,Lalbenque-Fontanes,Fontanes,LOT,44.332181,1.511388,,
87584441,Lalinde,Lalinde,DORDOGNE,44.839505,0.742925,,
87611855,Lamagistère,Lamagistere,TARN-ET-GARONNE,44.12677,0.825638,,
87753731,Lamanon,Lamanon,BOUCHES-DU-RHONE,43.699973,5.091458,,
87144303,Lamarche,Lamarche,VOSGES,48.090279,5.760387,,
87473108,Lamballe,Lamballe-Armor,COTES-D'ARMOR,48.465974,-2.510516,,
87584243,Lamonzie-St-Martin,Lamonzie-Saint-Martin,DORDOGNE,44.843436,0.380489,,
87582882,Lamothe-Landerron,Lamothe-Landerron,GIRONDE,44.562721,0.045141,,
87584151,Lamothe-Montravel,Lamothe-Montravel,DORDOGNE,44.853783,0.021529,,
87543140,Lamotte-Beuvron,Lamotte-Beuvron,LOIR-ET-CHER,47.594454,2.022078,,
87721860,Lamure-sur-Azergues,Lamure-Sur-Azergues,RHONE,46.061052,4.492313,,
87473850,Lancerf,Plourivo,COTES-D'ARMOR,48.761825,-3.118137,,
87417501,Lancey,Villard-Bonnot,ISERE,45.234519,5.88084,,
87286575,Landas,Landas,NORD,50.468828,3.289802,,
87476226,Landaul-Mendon,Landaul,MORBIHAN,47.735813,-3.08625,,
87474239,Landerneau,Landerneau,FINISTERE,48.454376,-4.254708,,
87474270,Landivisiau,Landivisiau,FINISTERE,48.495899,-4.081016,,
87295642,Landrecies,Landrecies,NORD,50.127782,3.681,,
87741777,Landry,Landry,SAVOIE,45.573897,6.733284,,
87473264,Landébia,Landebia,COTES-D'ARMOR,48.507212,-2.329386,,
87476234,Landévant,Landevant,MORBIHAN,47.759661,-3.126379,,
87141093,Laneuveville-devant-Nancy,Laneuveville-Devant-Nancy,MEURTHE-ET-MOSELLE,48.656401,6.226828,,
87734319,Langeac,Langeac,HAUTE-LOIRE,45.101078,3.490565,,
87571828,Langeais,Langeais,INDRE-ET-LOIRE,47.323944,0.410435,,
87734350,Langogne,Langogne,LOZERE,44.732684,3.857481,,
87582775,Langon,Langon,GIRONDE,44.555467,-0.255644,,
87142091,Langres,Langres,HAUTE-MARNE,47.882062,5.336121,,
87671123,Lannemezan,Lannemezan,HAUTES-PYRENEES,43.11417,0.386533,,
87473223,Lannion,Lannion,COTES-D'ARMOR,48.727322,-3.460322,,
87712323,Lantenay,Lantenay,COTE-D'OR,47.335096,4.861351,,
87296012,Laon,Laon,AISNE,49.570883,3.624455,,
87641043,Lapeyrouse,Lapeyrouse,PUY-DE-DOME,46.226726,2.893827,,
87763755,Laragne,Laragne-Monteglin,HAUTES-ALPES,44.316589,5.81929,,
87594424,Larche,Saint-Pantaleon-De-Larche,CORREZE,45.132083,1.416151,,
87611939,Lardenne,Toulouse,HAUTE-GARONNE,43.596575,1.384146,,
87545160,Lardy,Lardy,ESSONNE,48.519926,2.253465,,
87683268,Laroche-Migennes,Migennes,YONNE,47.96084,3.51294,,
87586412,Laroque,Laroque-Timbaut,LOT-ET-GARONNE,44.2875,0.749741,,
87645135,Laroquebrou,Laroquebrou,CANTAL,44.964073,2.192861,,
87575498,Lathus,Lathus-Saint-Remy,VIENNE,46.338103,0.965037,,
87611483,Latour-de-Carol-Enveitg,Enveitg,PYRENEES-ORIENTALES,42.458916,1.904436,,
87212464,Lauterbourg,Lauterbourg,BAS-RHIN,48.96717,8.182588,,
87478404,Laval,Laval,MAYENNE,48.076307,-0.759714,80,Paris Montparnasse
87594796,Laval-de-Cère,Laval-De-Cere,LOT,44.951171,1.931706,,
87597740,Lavaufranche,Lavaufranche,CREUSE,46.321278,2.270264,,
87615476,Lavaur,Lavaur,TARN,43.703559,1.813115,,
87597781,Lavaveix-les-Mines,Lavaveix-Les-Mines,CREUSE,46.078899,2.0892,,
87144162,Laveline-devant-Bruyères,Laveline-Devant-Bruyeres,VOSGES,48.185507,6.755228,,
87611459,Lavilledieu,La Ville-Dieu-Du-Temple,TARN-ET-GARONNE,44.035476,1.214489,,
87381202,Lavilletertre,Lavilletertre,OISE,49.202336,1.920661,,
87734707,Lavoûte-sur-Loire,Lavoute-Sur-Loire,HAUTE-LOIRE,45.121562,3.906754,,
87271478,Le Blanc-Mesnil,Le Blanc-Mesnil,SEINE-SAINT-DENIS,48.932155,2.477347,,
87673095,Le Boucau,Boucau,PYRENEES-ATLANTIQUES,43.523841,-1.491053,,
87271395,Le Bourget,Le Bourget,SEINE-SAINT-DENIS,48.930745,2.425918,,
87738096,Le Bouscat-Ste-Germaine,Le Bouscat,GIRONDE,44.870942,-0.61399,,
87781583,Le Bousquet-d'Orb,La Tour-Sur-Orb,HERAULT,43.679332,3.165668,,
87681395,Le Bras-de-fer,Evry-Courcouronnes,ESSONNE,48.623294,2.450788,,
87734228,Le Breuil-sur-Couze,Le Breuil-Sur-Couze,PUY-DE-DOME,45.467136,3.262149,,
87783548,Le Bruel,Esclanedes,LOZERE,44.48121,3.358285,,
87746883,Le Buet,Vallorcine,HAUTE-SAVOIE,46.019128,6.920536,,
87595744,Le Bugue,Le Bugue,DORDOGNE,44.905806,0.942787,,
87595751,Le Buisson,Le Buisson-De-Cadouin,DORDOGNE,44.847049,0.908271,,
87594614,Le Burg,Varetz,CORREZE,45.216284,1.429695,,
87775825,Le Cailar,Le Cailar,GARD,43.683277,4.234918,,
87295220,Le Cateau,Le Cateau-Cambresis,NORD,50.09076,3.540093,,
87481168,Le Cellier,Le Cellier,LOIRE-ATLANTIQUE,47.313244,-1.350974,,
87734160,Le Cendre-Orcet,Le Cendre,PUY-DE-DOME,45.723931,3.188612,,
87726711,Le Chambon-Feugerolles,Le Chambon-Feugerolles,LOIRE,45.394644,4.321913,,
87113522,Le Chénay-Gagny,Gagny,SEINE-SAINT-DENIS,48.877051,2.553527,,
87726828,Le Coteau,Le Coteau,LOIRE,46.025025,4.084283,,
87694000,Le Creusot,Le Creusot,SAONE-ET-LOIRE,46.808446,4.429992,,
87694109,Le Creusot-Montceau-Montchanin,Ecuisses,SAONE-ET-LOIRE,46.765335,4.50065,79,Paris Gare de Lyon
87481788,Le Croisic,Le Croisic,LOIRE-ATLANTIQUE,47.289762,-2.506895,,
87592543,Le Dorat,Le Dorat,HAUTE-VIENNE,46.210975,1.079359,,
87757542,Le Dramont,Saint-Raphael,VAR,43.417816,6.84482,,
87478743,Le Genest,Le Genest-Saint-Isle,MAYENNE,48.096975,-0.884426,,
87444323,Le Grand-Jardin,Lisieux,CALVADOS,49.150455,0.227292,,
87747220,Le Grand-Lemps,Le Grand-Lemps,ISERE,45.396515,5.423288,,
87775866,Le Grau-du-Roi,Le Grau-Du-Roi,GARD,43.53707,4.140573,,
87316687,Le Haut-Banc,Rety,PAS-DE-CALAIS,50.816147,1.771606,,
87413013,Le Havre,Le Havre,SEINE-MARITIME,49.4931,0.127363,,
87413203,Le Havre-Graville,Le Havre,SEINE-MARITIME,49.499908,0.16242,,
87645473,Le Lioran,Laveissiere,CANTAL,45.090099,2.750774,,
87755405,Le Luc-et-Le Cannet,Le Cannet-Des-Maures,VAR,43.390531,6.343441,,
87396002,Le Mans,Le Mans,SARTHE,47.994681,0.195354,57,Paris Montparnasse
87743872,Le Mans Hôpital Université,Le Mans,SARTHE,48.013199,0.174886,,
87444588,Le Merlerault,Le Merlerault,ORNE,48.702879,0.28488,,
87276733,Le Meux-la-Croix-St-Ouen,Le Meux,OISE,49.359294,2.753114,,
87444083,Le Molay-Littry,Le Breuil-En-Bessin,CALVADOS,49.250497,-0.872925,,
87783308,Le Monastier,Bourgs Sur Colagne,LOZERE,44.496154,3.249256,,
87682179,Le Mée,Le Mee-Sur-Seine,SEINE-ET-MARNE,48.54111,2.622295,,
87721522,Le Méridien,Charbonnieres-Les-Bains,RHONE,45.768913,4.748268,,
87481424,Le Pallet,Le Pallet,LOIRE-ATLANTIQUE,47.143831,-1.346674,,
87393298,Le Perray,Le Perray-En-Yvelines,YVELINES,48.692911,1.856455,,
87271551,Le Plessis-Belleville,Le Plessis-Belleville,OISE,49.09595,2.744652,,
87681627,Le Plessis-Chenet,Le Coudray-Montceaux,ESSONNE,48.573786,2.479575,,
87343210,Le Poirier-Université,Trith-Saint-Leger,NORD,50.331813,3.502983,,
87481762,Le Pouliguen,Le Pouliguen,LOIRE-ATLANTIQUE,47.282624,-2.433227,,
87734699,Le Puy-en-Velay,Le Puy-En-Velay,HAUTE-LOIRE,45.04372,3.894212,,
87722678,Le Péage-de-Roussillon,Le Peage-De-Roussillon,ISERE,45.370509,4.795722,,
87473553,Le Pénity,Duault,COTES-D'ARMOR,48.364541,-3.476355,,
87295857,Le Quesnoy,Le Quesnoy,NORD,50.24886,3.65007,,
87113472,Le Raincy-Villemomble-Montfermeil,Le Raincy,SEINE-SAINT-DENIS,48.889144,2.512559,,
87645192,Le Rouget,Le Rouget-Pers,CANTAL,44.85662,2.235483,,
87722298,Le Sablon,Grigny,RHONE,45.605884,4.79463,,
87784512,Le Soler,Le Soler,PYRENEES-ORIENTALES,42.678795,2.794026,,
87381095,Le Stade,Colombes,HAUTS-DE-SEINE,48.931527,2.2608,,
87764472,Le Teil,Le Teil,ARDECHE,44.55263,4.686544,,
87396333,Le Theil-La Rouge,Val-Au-Perche,ORNE,48.2676,0.695501,,
87471342,Le Theil-de-Bretagne,Le Theil-De-Bretagne,ILLE-ET-VILAINE,47.918728,-1.432155,,
87765453,Le Thor,Le Thor,VAUCLUSE,43.926346,4.99631,,
87353573,Le Toec,Toulouse,HAUTE-GARONNE,43.595521,1.401526,,
87757575,Le Trayas,Saint-Raphael,VAR,43.47462,6.924436,,
87317529,Le Tréport-Mers,Le Treport,SEINE-MARITIME,50.063136,1.377592,,
87382366,Le Val-d'Or,Saint-Cloud,HAUTS-DE-SEINE,48.856464,2.216543,,
87718544,Le Valdahon,Valdahon,DOUBS,47.149812,6.342328,,
87718601,Le Valdahon Camp Militaire,Valdahon,DOUBS,47.151239,6.313884,,
87641399,Le Vauriat,Saint-Ours,PUY-DE-DOME,45.860187,2.92038,,
87581389,Le Verdon,Le Verdon-Sur-Mer,GIRONDE,45.549248,-1.064887,,
87681247,Le Vert-de-Maisons,Maisons-Alfort,VAL-DE-MARNE,48.788177,2.432356,,
87484139,Le Vieux-Briollay,Briollay,MAINE-ET-LOIRE,47.573584,-0.482852,,
87345223,Leforest,Leforest,PAS-DE-CALAIS,50.427503,3.059727,,
87345025,Lens,Lens,PAS-DE-CALAIS,50.426937,2.827311,,
87721555,Lentilly,Lentilly,RHONE,45.821806,4.667205,,
87566919,Lentilly-Charpenay,Lentilly,RHONE,45.816528,4.682268,,
87741496,Les Abrets-Fitilieu,Les Abrets En Dauphine,ISERE,45.54226,5.575337,,
87755447,Les Arcs-Draguignan,Les Arcs,VAR,43.455731,6.482974,,
87492108,Les Ardoines,Vitry-Sur-Seine,VAL-DE-MARNE,48.781034,2.409731,,
87543017,Les Aubrais-Orléans,Fleury-Les-Aubrais,LOIRET,47.926531,1.906107,,
87592048,Les Bardys,Saint-Priest-Taurion,HAUTE-VIENNE,45.904817,1.377605,,
87297515,Les Bons-Pères,Rousies,NORD,50.279588,4.009532,,
87746768,Les Bossons,Chamonix-Mont-Blanc,HAUTE-SAVOIE,45.906808,6.839186,,
87113779,Les Boullereaux-Champigny,Champigny-Sur-Marne,VAL-DE-MARNE,48.824795,2.512008,,
87611574,Les Cabannes,Les Cabannes,ARIEGE,42.78643,1.686267,,
87781559,Les Cabrils,Joncels,HERAULT,43.766655,3.182069,,
87328021,Les Cauquillous,Lavaur,TARN,43.734135,1.754566,,
87386664,Les Clairières-de-Verneuil,Verneuil-Sur-Seine,YVELINES,48.993021,1.954268,,
87677104,Les Deux Jumeaux,Hendaye,PYRENEES-ATLANTIQUES,43.370496,-1.763763,,
87393280,Les Essarts-le-Roi,Les Essarts-Le-Roi,YVELINES,48.721846,1.88999,,
87595736,Les Eyzies,Les Eyzies,DORDOGNE,44.941132,1.00825,,
87721704,Les Flachères,Charbonnieres-Les-Bains,RHONE,45.777274,4.754091,,
87317305,Les Fontinettes,Calais,PAS-DE-CALAIS,50.940185,1.850224,,
87272146,Les Grésillons,Gennevilliers,HAUTS-DE-SEINE,48.92012,2.314074,,
87746743,Les Houches,Les Houches,HAUTE-SAVOIE,45.893706,6.796945,,
87471516,Les Lacs,Saint-Aubin-Des-Landes,ILLE-ET-VILAINE,48.10939,-1.321312,,
87713115,Les Laumes-Alésia,Venarey-Les-Laumes,COTE-D'OR,47.543361,4.462077,,
87715227,Les Longevilles-Rochejean,Longevilles-Mont-D'Or,DOUBS,46.752678,6.304578,,
87473587,Les Mais,Callac,COTES-D'ARMOR,48.426241,-3.382819,,
87734178,Les Martres-de-Veyre,Les Martres-De-Veyre,PUY-DE-DOME,45.688147,3.193478,,
87746818,Les Moussoux,Chamonix-Mont-Blanc,HAUTE-SAVOIE,45.916205,6.857543,,
87481259,Les Moutiers-en-Retz,Les Moutiers-En-Retz,LOIRE-ATLANTIQUE,47.061923,-2.001416,,
87386680,Les Mureaux,Les Mureaux,YVELINES,48.992085,1.912053,,
87276238,Les Noues,Goussainville,VAL-D'OISE,49.033038,2.477833,,
87575118,Les Ormes-sur-Vienne,Les Ormes,VIENNE,46.971756,0.60791,,
87691600,Les Perrières,Varennes-Vauzelles,NIEVRE,47.006169,3.148439,,
87710921,Les Portes de St-Cyr,Versailles,YVELINES,48.806406,2.077278,,
87746826,Les Praz-de-Chamonix,Chamonix-Mont-Blanc,HAUTE-SAVOIE,45.939898,6.888794,,
87746776,Les Pélerins,Chamonix-Mont-Blanc,HAUTE-SAVOIE,45.912492,6.847336,,
87576181,Les Quatre-Roues,Pruniers-En-Sologne,LOIR-ET-CHER,47.332408,1.702454,,
87594564,Les Quatre-Routes,Le Vignon-En-Quercy,LOT,44.997667,1.643742,,
87353581,Les Ramassiers,Toulouse,HAUTE-GARONNE,43.602519,1.352765,,
87487876,Les Rosiers-sur-Loire,Gennes-Val-De-Loire,MAINE-ET-LOIRE,47.36238,-0.220266,,
87476267,Les Sables-Blancs,Plouharnel,MORBIHAN,47.575229,-3.13244,,
87486449,Les Sables-d'Olonne,Les Sables-D'Olonne,VENDEE,46.500181,-1.781633,,
87783514,Les Salelles,Les Salelles,LOZERE,44.483145,3.279743,,
87546226,Les Saules,Orly,VAL-DE-MARNE,48.745375,2.417889,,
87746834,Les Tines,Chamonix-Mont-Blanc,HAUTE-SAVOIE,45.950722,6.899163,,
87641373,Les Trillers,Vaux,ALLIER,46.414553,2.599907,,
87386300,Les Vallées,Bois-Colombes,HAUTS-DE-SEINE,48.913616,2.25761,,
87595702,Les Versannes,La Douze,DORDOGNE,45.08843,0.857744,,
87113803,Les Yvris-Noisy-le-Grand,Noisy-Le-Grand,SEINE-SAINT-DENIS,48.823475,2.579225,,
87723718,Les Échets,Miribel,AIN,45.8745,4.910745,,
87584532,Les Églisottes,Les Eglisottes-Et-Chalaures,GIRONDE,45.09396,-0.044121,,
87581314,Lesparre,Lesparre-Medoc,GIRONDE,45.303511,-0.945385,,
87286849,Lesquin,Lesquin,NORD,50.589998,3.118756,,
87144329,Lesseux-Frapelle,Lusse,VOSGES,48.28968,7.076665,,
87611111,Lestelle,Lestelle-De-Saint-Martory,HAUTE-GARONNE,43.118114,0.911406,,
87781088,Leucate-la-Franqui,Leucate,AUDE,42.932654,3.012754,,
87295790,Leval,Leval,NORD,50.184742,3.836287,,
87613489,Lexos,Varen,TARN-ET-GARONNE,44.1422,1.886502,,
87287102,Lezennes,Lille,NORD,50.620549,3.099676,,
87734442,Lezoux,Lezoux,PUY-DE-DOME,45.821113,3.386064,,
87276212,Liancourt-Rantigny,Rantigny,OISE,49.324754,2.445544,,
87381210,Liancourt-St-Pierre,Liancourt-Saint-Pierre,OISE,49.220272,1.905675,,
87172544,Liart,Liart,ARDENNES,49.77036,4.335392,,
87345256,Libercourt,Libercourt,PAS-DE-CALAIS,50.479977,3.008806,,
87584052,Libourne,Libourne,GIRONDE,44.916097,-0.235868,,
87718130,Liesle,Liesle,DOUBS,47.058685,5.820793,,
87682153,Lieusaint-Moissy,Lieusaint,SEINE-ET-MARNE,48.629922,2.569427,,
87575274,Ligugé,Liguge,VIENNE,46.520347,0.333287,,
87109306,Lille CHR,Lille,NORD,50.614567,3.034625,,
87223263,Lille-Europe,Lille,NORD,50.639372,3.075359,,
87286005,Lille-Flandres,Lille,NORD,50.636806,3.071793,69,Paris Gare du Nord
87287250,Lille-Porte-de-Douai,Lille,NORD,50.611764,3.076314,,
87342238,Lillers,Lillers,PAS-DE-CALAIS,50.55992,2.480373,,
87381582,Limay,Limay,YVELINES,48.984217,1.747473,,
87574335,Limeray,Limeray,INDRE-ET-LOIRE,47.44996,1.049592,,
87212274,Limersheim,Hipsheim,BAS-RHIN,48.460726,7.659682,,
87595553,Limeyrat,Limeyrat,DORDOGNE,45.156249,0.977756,,
87592006,Limoges-Bénédictins,Limoges,HAUTE-VIENNE,45.836407,1.268169,,
87592022,Limoges-Montjovis,Limoges,HAUTE-VIENNE,45.838438,1.251597,,
87615161,Limoux,Limoux,AUDE,43.05647,2.223087,,
87598755,Limoux-Flassian,Limoux,AUDE,43.068455,2.21855,,
87214502,Lingolsheim,Lingolsheim,BAS-RHIN,48.559387,7.678357,,
87444265,Lisieux,Lisieux,CALVADOS,49.136849,0.232878,,
87733683,Lisière Pereire,Saint-Germain-En-Laye,YVELINES,48.903284,2.072906,,
87615310,Lisle-sur-Tarn,Lisle-Sur-Tarn,TARN,43.857843,1.809087,,
87447219,Lison,Lison,CALVADOS,49.228339,-1.041575,,
87141069,Liverdun,Liverdun,MEURTHE-ET-MOSELLE,48.749704,6.060582,,
87761247,Livron,Livron-Sur-Drome,DROME,44.778693,4.829329,,
87682401,Livry-sur-Seine,Livry-Sur-Seine,SEINE-ET-MARNE,48.510373,2.678951,,
87116632,Lizy-sur-Ourcq,Lizy-Sur-Ourcq,SEINE-ET-MARNE,49.021792,3.031865,,
87345041,Liévin,Lievin,PAS-DE-CALAIS,50.434263,2.772502,,
87571471,Loches,Loches,INDRE-ET-LOIRE,47.130402,1.000979,,
87182345,Logelbach,Wintzenheim,HAUT-RHIN,48.087311,7.32067,,
87345231,Loison-sous-Lens,Loison-Sous-Lens,PAS-DE-CALAIS,50.437282,2.858703,,
87171728,Loivre,Loivre,MARNE,49.345903,3.990653,,
87611053,Longages-Noé,Longages,HAUTE-GARONNE,43.354801,1.251356,,
87712620,Longecourt,Longecourt-En-Plaine,COTE-D'OR,47.194127,5.134159,,
87393611,Longjumeau,Longjumeau,ESSONNE,48.702274,2.294469,,
87271775,Longpont,Longpont,AISNE,49.272574,3.229934,,
87313122,Longpré-les-Corps-Saints,Longpre-Les-Corps-Saints,SOMME,50.011299,2.00306,,
87313817,Longroy-Gamaches,Longroy,SEINE-MARITIME,49.981845,1.552748,,
87313049,Longueau,Longueau,SOMME,49.864123,2.352555,,
87272195,Longueil-Annel,Longueil-Annel,OISE,49.466767,2.862746,,
87276303,Longueil-Ste-Marie,Longueil-Sainte-Marie,OISE,49.342571,2.717614,,
87411447,Longuerue-Vieux-Manoir,Vieux-Manoir,SEINE-MARITIME,49.557445,1.277306,,
87116137,Longueville,Longueville,SEINE-ET-MARNE,48.51329,3.250564,,
87415141,Longueville-sur-Scie,Longueville-Sur-Scie,SEINE-MARITIME,49.791092,1.111094,,
87194274,Longuyon,Longuyon,MEURTHE-ET-MOSELLE,49.444718,5.604603,,
87194001,Longwy,Longwy,MEURTHE-ET-MOSELLE,49.513019,5.769063,,
87718239,Lons-le-Saunier,Lons-Le-Saunier,JURA,46.668356,5.550573,,
87345033,Loos-en-Gohelle,Lens,PAS-DE-CALAIS,50.437855,2.793606,,
87286112,Loos-lez-Lille,Loos,NORD,50.612827,3.017414,,
87576157,Loreux,Loreux,LOIR-ET-CHER,47.390203,1.834339,,
87476002,Lorient,Lorient,MORBIHAN,47.755055,-3.36677,,
87761262,Loriol,Loriol-Sur-Drome,DROME,44.753421,4.81611,,
87142109,Lorraine-Louvigny-TGV,Louvigny,MOSELLE,48.947996,6.173286,,
87597104,Lothiers,Tendu,INDRE,46.696015,1.563865,,
87713735,Louhans,Louhans,SAONE-ET-LOIRE,46.631431,5.215956,,
87673673,Louhossoa,Louhossoa,PYRENEES-ATLANTIQUES,43.305681,-1.362398,,
87491290,Loulay,Loulay,CHARENTE-MARITIME,46.044964,-0.500168,,
87343475,Lourches,Rœulx,NORD,50.310998,3.343335,,
87671339,Lourdes,Lourdes,HAUTES-PYRENEES,43.100486,-0.043033,,
87611178,Loures-Barbazan,Loures-Barousse,HAUTES-PYRENEES,43.021095,0.610529,,
87641050,Louroux-de-Bouble,Louroux-De-Bouble,ALLIER,46.224081,2.984886,,
87382457,Louveciennes,Louveciennes,YVELINES,48.86119,2.123346,,
87478511,Louverné,Louverne,MAYENNE,48.109417,-0.713503,,
87276253,Louvres,Louvres,VAL-D'OISE,49.049545,2.502093,,
87295535,Louvroil,Louvroil,NORD,50.267617,3.95173,,
87721423,Lozanne,Lozanne,RHONE,45.854055,4.68263,,
87597096,Luant,Luant,INDRE,46.736578,1.590561,,
87594671,Lubersac,Lubersac,CORREZE,45.444533,1.388874,,
87734368,Luc,Luc,ARDECHE,44.654034,3.891547,,
87615773,Luc-Primaube,Luc-La-Primaube,AVEYRON,44.29166,2.554484,,
87761874,Luc-en-Diois,Luc-En-Diois,DROME,44.614038,5.454833,,
87611236,Luchon,Bagneres-De-Luchon,HAUTE-GARONNE,42.797273,0.596736,,
87394015,Lucé,Luce,EURE-ET-LOIR,48.436708,1.453018,,
87581181,Ludon,Ludon-Medoc,GIRONDE,44.974324,-0.611769,,
87141481,Ludres,Ludres,MEURTHE-ET-MOSELLE,48.621548,6.169946,,
87172189,Lumes,Lumes,ARDENNES,49.732982,4.783241,,
87781575,Lunas,Lunas,HERAULT,43.703322,3.178762,,
87773408,Lunel,Lunel,HERAULT,43.679586,4.131152,,
87773424,Lunel-Viel,Lunel-Viel,HERAULT,43.681127,4.093614,,
87576280,Lunery,Lunery,CHER,46.935041,2.275122,,
87141150,Lunéville,Luneville,MEURTHE-ET-MOSELLE,48.587636,6.495489,,
87672741,Lurbe-St-Christau,Lurbe-Saint-Christau,PYRENEES-ATLANTIQUES,43.120845,-0.604514,,
87185249,Lure,Lure,HAUTE-SAONE,47.682963,6.492748,,
87747667,Lus-la-Croix-Haute,Lus-La-Croix-Haute,DROME,44.670888,5.697202,,
87485540,Lusignan,Lusignan,VIENNE,46.43554,0.116562,,
87575845,Lussac-les-Châteaux,Lussac-Les-Chateaux,VIENNE,46.405233,0.71857,,
87182543,Luttenbach-près-Munster,Luttenbach-Pres-Munster,HAUT-RHIN,48.035306,7.118844,,
87182667,Lutterbach (Haut-Rhin),Lutterbach,HAUT-RHIN,47.758102,7.276983,,
87534347,Lutterbach-Tram-Train,Lutterbach,HAUT-RHIN,47.758142,7.276643,,
87215160,Lutzelbourg,Lutzelbourg,MOSELLE,48.729243,7.251004,,
87214650,Lutzelhouse,Muhlbach-Sur-Bruche,BAS-RHIN,48.518074,7.294179,,
87185595,Luxeuil-les-Bains,Luxeuil-Les-Bains,HAUTE-SAONE,47.814751,6.372611,,
87583823,Luxé,Luxe,CHARENTE,45.887296,0.109285,,
87276576,Luzarches,Luzarches,VAL-D'OISE,49.117581,2.421261,,
87611558,Luzenac-Garanou,Garanou,ARIEGE,42.764303,1.75324,,
87696534,Luzy,Luzy,NIEVRE,46.794347,3.969128,,
87576363,Luçay-le-Mâle,Lucay-Le-Male,INDRE,47.133056,1.43603,,
87486258,Luçon,Lucon,VENDEE,46.463538,-1.165706,,
87721175,Lyon-Gorge-de-Loup,Lyon,RHONE,45.765956,4.804525,,
87282624,Lyon-Jean-Macé,Lyon,RHONE,45.744625,4.843124,,
87723197,Lyon-Part-Dieu,Lyon,RHONE,45.760541,4.860201,120,Paris Gare de Lyon
87722025,Lyon-Perrache,Lyon,RHONE,45.747927,4.826842,,
87762906,Lyon-St-Exupéry-TGV,Colombier-Saugnieu,RHONE,45.720936,5.075878,,
87721159,Lyon-St-Paul,Lyon,RHONE,45.76635,4.825582,,
87721001,Lyon-Vaise,Lyon,RHONE,45.779356,4.802694,,
87144048,Lépanges,Lepanges-Sur-Vologne,VOSGES,48.172737,6.672321,,
87741439,Lépin-le-Lac-La Bauche,Lepin-Le-Lac,SAVOIE,45.541636,5.765152,,
87175240,Lérouville,Lerouville,MEUSE,48.797652,5.537624,,
87615112,Lézignan (Aude),Lezignan-Corbieres,AUDE,43.199006,2.765297,,
87581199,Macau,Macau,GIRONDE,45.004042,-0.61991,,
87481366,Machecoul,Machecoul-Saint-Meme,LOIRE-ATLANTIQUE,46.988401,-1.81937,,
87745588,Machilly,Machilly,HAUTE-SAVOIE,46.252777,6.328385,,
87781666,Magalas,Magalas,HERAULT,43.467673,3.229499,,
87281873,Magenta,Paris,PARIS,48.880337,2.358372,,
87746412,Magland,Magland,HAUTE-SAVOIE,46.01693,6.621201,,
87592279,Magnac-Vicq,Vicq-Sur-Breuilh,HAUTE-VIENNE,45.628677,1.443887,,
87641365,Magnette,Audes,ALLIER,46.464172,2.602899,,
87400986,Magneux-Courlandon,Magneux,MARNE,49.30994,3.73383,,
87394429,Magny-Blandainville,Magny,EURE-ET-LOIR,48.334279,1.28108,,
87683847,Mailly-la-Ville,Mailly-La-Ville,YONNE,47.603926,3.674911,,
87575068,Maillé,Maille,INDRE-ET-LOIRE,47.053166,0.583165,,
87394130,Maintenon,Maintenon,EURE-ET-LOIR,48.58555,1.592649,,
87681155,Maisons-Alfort-Alfortville,Maisons-Alfort,VAL-DE-MARNE,48.801703,2.426834,,
87386425,Maisons-Laffitte,Maisons-Laffitte,YVELINES,48.94594,2.144367,,
87681486,Maisse,Maisse,ESSONNE,48.393337,2.393203,,
87191106,Maizières-lès-Metz,Maizieres-Les-Metz,MOSELLE,49.215215,6.158175,,
87476689,Malansac,Malansac,MORBIHAN,47.675545,-2.295259,,
87411256,Malaunay-Le Houlme,Le Houlme,SEINE-MARITIME,49.513711,1.039533,,
87611871,Malause,Malause,TARN-ET-GARONNE,44.08706,0.973244,,
87684415,Malesherbes,Le Malesherbois,LOIRET,48.293591,2.400922,,
87718510,Mamirolle,Mamirolle,DOUBS,47.200165,6.162248,,
87757591,Mandelieu-la-Napoule,Mandelieu-La-Napoule,ALPES-MARITIMES,43.524309,6.941569,,
87775064,Manduel-Redessan,Manduel,GARD,43.826341,4.479352,,
87751321,Manosque-Gréoux-les-Bains,Manosque,ALPES-DE-HAUTE-PROVENCE,43.823114,5.793421,,
87381590,Mantes-Station,Mantes-La-Jolie,YVELINES,48.983397,1.716022,,
87381509,Mantes-la-Jolie,Mantes-La-Jolie,YVELINES,48.989328,1.704131,,
87141796,Marbache,Marbache,MEURTHE-ET-MOSELLE,48.801111,6.109312,,
87313445,Marcelcave,Marcelcave,SOMME,49.85317,2.582101,,
87582445,Marcheprime,Marcheprime,GIRONDE,44.690539,-0.853748,,
87393470,Marchezais-Broué,Broue,EURE-ET-LOIR,48.768307,1.513661,,
87733667,Mareil-Marly TT,Mareil-Marly,YVELINES,48.881182,2.079268,,
87381715,Mareil-sur-Mauldre,Mareil-Sur-Mauldre,YVELINES,48.893684,1.871514,,
87317206,Maresquel,Maresquel-Ecquemicourt,PAS-DE-CALAIS,50.407996,1.930822,,
87116665,Mareuil-sur-Ourcq,Mareuil-Sur-Ourcq,OISE,49.135645,3.075702,,
87581215,Margaux,Margaux-Cantenac,GIRONDE,45.035854,-0.685429,,
87271882,Margival,Margival,AISNE,49.439205,3.403041,,
87213603,Marienthal,Haguenau,BAS-RHIN,48.781841,7.823623,,
87611194,Marignac-St-Béat,Marignac,HAUTE-GARONNE,42.915466,0.651983,,
87746347,Marignier,Marignier,HAUTE-SAVOIE,46.088886,6.506267,,
87485334,Marigny,Marigny,DEUX-SEVRES,46.200319,-0.426329,,
87296095,Marle-sur-Serre,Marle,AISNE,49.747213,3.769678,,
87116228,Marles-en-Brie,La Houssaye-En-Brie,SEINE-ET-MARNE,48.734211,2.86788,,
87723767,Marlieux-Châtillon,Marlieux,AIN,46.063978,5.073418,,
87382465,Marly-le-Roi,Marly-Le-Roi,YVELINES,48.871451,2.096929,,
87576132,Marmagne,Marmagne,CHER,47.099903,2.282795,,
87694182,Marmagne-sous-Creusot,Marmagne,SAONE-ET-LOIRE,46.833554,4.359587,,
87586545,Marmande,Marmande,LOT-ET-GARONNE,44.503203,0.16808,,
87342188,Maroeuil,Marœuil,PAS-DE-CALAIS,50.322442,2.698243,,
87545186,Marolles-en-Hurepoix,Marolles-En-Hurepoix,ESSONNE,48.563454,2.291198,,
87411249,Maromme,Notre-Dame-De-Bondeville,SEINE-MARITIME,49.480445,1.050783,,
87287169,Marquette,Marquette-Lez-Lille,NORD,50.672343,3.051156,,
87342469,Marquillies,Marquillies,NORD,50.547909,2.86713,,
87317339,Marquise-Rinxent,Rinxent,PAS-DE-CALAIS,50.805408,1.731305,,
87784629,Marquixanes,Marquixanes,PYRENEES-ORIENTALES,42.644116,2.493607,,
87597625,Marsac,Marsac,CREUSE,46.094218,1.58571,,
87595207,Marsac (Dordogne),Marsac-Sur-L'Isle,DORDOGNE,45.186028,0.662472,,
87781294,Marseillan-Plage,Marseillan,HERAULT,43.31654,3.531564,,
87751081,Marseille-Blancarde,Marseille,BOUCHES-DU-RHONE,43.296193,5.406776,,
87751008,Marseille-St-Charles,Marseille,BOUCHES-DU-RHONE,43.30301,5.381134,196,Paris Gare de Lyon
87313726,Marseille-en-Beauvaisis,Marseille-En-Beauvaisis,OISE,49.570152,1.95571,,
87615419,Marssac-sur-Tarn,Marssac-Sur-Tarn,TARN,43.915005,2.027115,,
87144295,Martigny-les-Bains,Martigny-Les-Bains,VOSGES,48.108836,5.825631,,
87471367,Martigné-Ferchaud,Martigne-Ferchaud,ILLE-ET-VILAINE,47.831989,-1.313464,,
87753509,Martigues,Martigues,BOUCHES-DU-RHONE,43.38758,5.025059,,
87611087,Martres-Tolosane,Martres-Tolosane,HAUTE-GARONNE,43.195769,1.014617,,
87783282,Marvejols,Bourgs Sur Colagne,LOZERE,44.534682,3.269484,,
87594820,Masseret,Masseret,CORREZE,45.536092,1.54164,,
87734871,Massiac,Massiac,CANTAL,45.251753,3.196247,,
87725465,Massy Europe,Massy,ESSONNE,48.723432,2.272653,,
87393579,Massy-Palaiseau,Massy,ESSONNE,48.729877,2.263746,,
87393702,Massy-TGV,Palaiseau,ESSONNE,48.717885,2.25485,,
87383281,Massy-Verrières,Massy,ESSONNE,48.734855,2.273584,,
87471227,Massérac,Masserac,LOIRE-ATLANTIQUE,47.674664,-1.913873,,
87214130,Matzenheim,Matzenheim,BAS-RHIN,48.398834,7.619475,,
87295006,Maubeuge,Maubeuge,NORD,50.272554,3.966886,,
87381723,Maule,Maule,YVELINES,48.90927,1.857282,,
87381483,Maurecourt,Andresy,YVELINES,48.98696,2.059812,,
87345546,Maurois,Honnechy,NORD,50.067372,3.456325,,
87645168,Maurs,Maurs,CANTAL,44.706026,2.19983,,
87481150,Mauves-sur-Loire,Mauves-Sur-Loire,LOIRE-ATLANTIQUE,47.292924,-1.389197,,
87584466,Mauzac,Mauzac-Et-Grand-Castang,DORDOGNE,44.855764,0.789985,,
87595728,Mauzens-Miremont,Mauzens-Et-Miremont,DORDOGNE,44.977277,0.956954,,
87485250,Mauzé,Mauze-Sur-Le-Mignon,DEUX-SEVRES,46.200165,-0.673068,,
87396580,Mayet,Mayet,SARTHE,47.760866,0.266076,,
87615542,Mazamet,Mazamet,TARN,43.497891,2.374807,,
87342121,Mazingarbe,Bully-Les-Mines,PAS-DE-CALAIS,50.460415,2.701759,,
87116103,Meaux,Meaux,SEINE-ET-MARNE,48.956869,2.873413,,
87576116,Mehun-sur-Yèvre,Mehun-Sur-Yevre,CHER,47.139409,2.207221,,
87682005,Melun,Melun,SEINE-ET-MARNE,48.527868,2.653262,,
87574244,Menars,Menars,LOIR-ET-CHER,47.64503,1.405641,,
87783605,Mende,Mende,LOZERE,44.522412,3.501919,,
87681411,Mennecy,Mennecy,ESSONNE,48.571133,2.433268,,
87296434,Mennessis,Mennessis,AISNE,49.691571,3.270846,,
87576728,Mennetou-sur-Cher,Mennetou-Sur-Cher,LOIR-ET-CHER,47.268928,1.876881,,
87756486,Menton,Menton,ALPES-MARITIMES,43.775783,7.49521,,
87756494,Menton-Garavan,Menton,ALPES-MARITIMES,43.785831,7.520362,,
87574194,Mer,Mer,LOIR-ET-CHER,47.705942,1.506292,,
87184408,Meroux,Meroux-Moval,TERRITOIRE-DE-BELFORT,47.586797,6.898615,,
87142406,Merrey,Merrey,HAUTE-MARNE,48.054003,5.594851,,
87213207,Mertzwiller,Mertzwiller,BAS-RHIN,48.872174,7.67828,,
87713701,Mervans,Mervans,SAONE-ET-LOIRE,46.799442,5.179264,,
87182725,Merxheim,Merxheim,HAUT-RHIN,47.91324,7.302496,,
87471185,Messac-Guipry,Guipry-Messac,ILLE-ET-VILAINE,47.822313,-1.818553,,
87141499,Messein,Messein,MEURTHE-ET-MOSELLE,48.613,6.137641,,
87696187,Mesves-Bulcy,Mesves-Sur-Loire,NIEVRE,47.242134,3.006509,,
87694158,Mesvres,Mesvres,SAONE-ET-LOIRE,46.862939,4.24471,,
87192070,Metz-Nord,Metz,MOSELLE,49.136975,6.166701,85,Paris Gare de l'Est
87192039,Metz-Ville,Metz,MOSELLE,49.108918,6.177299,,
87182816,Metzeral,Metzeral,HAUT-RHIN,48.01357,7.073477,,
87191338,Metzervisse,Metzervisse,MOSELLE,49.318026,6.283708,,
87393108,Meudon,Meudon,HAUTS-DE-SEINE,48.814801,2.240875,,
87393082,Meudon-Val-Fleury,Meudon,HAUTS-DE-SEINE,48.807879,2.241247,,
87381830,Meulan-Hardricourt,Hardricourt,YVELINES,49.005781,1.902046,,
87574137,Meung-sur-Loire,Meung-Sur-Loire,LOIRET,47.829999,1.69183,,
87345272,Meurchin,Meurchin,PAS-DE-CALAIS,50.498614,2.893953,,
87713560,Meursault,Meursault,COTE-D'OR,46.968813,4.795301,,
87147322,Meuse-TGV,Les Trois-Domaines,MEUSE,48.978506,5.273715,,
87723585,Meximieux-Pérouges,Meximieux,AIN,45.901683,5.193552,,
87594275,Meymac,Meymac,CORREZE,45.530066,2.163792,,
87751370,Meyrargues,Meyrargues,BOUCHES-DU-RHONE,43.64408,5.539284,,
87575704,Mignaloux-Nouaillé,Mignaloux-Beauvoir,VIENNE,46.526077,0.411829,,
87595538,Milhac-d'Auberoche,Bassillac Et Auberoche,DORDOGNE,45.129003,0.918111,,
87775098,Milhaud,Milhaud,GARD,43.78862,4.303361,,
87784546,Millas,Millas,PYRENEES-ORIENTALES,42.686248,2.700928,,
87783001,Millau,Millau,AVEYRON,44.092216,3.063105,,
87313700,Milly-sur-Thérain,Milly-Sur-Therain,OISE,49.50288,1.988155,,
87478131,Miniac,Miniac-Morvan,ILLE-ET-VILAINE,48.53146,-1.912977,,
87723726,Mionnay,Mionnay,AIN,45.896729,4.919766,,
87753004,Miramas,Miramas,BOUCHES-DU-RHONE,43.580925,4.999683,,
87342030,Miraumont,Miraumont,SOMME,50.095545,2.734595,,
87144212,Mirecourt,Mirecourt,VOSGES,48.299618,6.12899,,
87723528,Miribel,Miribel,AIN,45.821817,4.953756,,
87271528,Mitry-Claye,Mitry-Mory,SEINE-ET-MARNE,48.975815,2.642369,,
87742007,Modane,Modane,SAVOIE,45.192599,6.657471,,
87172155,Mohon,Charleville-Mezieres,ARDENNES,49.753087,4.732643,,
87747329,Moirans,Moirans,ISERE,45.321651,5.582308,,
87747691,Moirans-la-Galifette,Moirans,ISERE,45.324017,5.564736,,
87611889,Moissac,Moissac,TARN-ET-GARONNE,44.10261,1.078135,,
87743591,Molinges,Chassal-Molinges,JURA,46.357034,5.768148,,
87214577,Molsheim,Molsheim,BAS-RHIN,48.537469,7.500118,,
87212142,Mommenheim,Mommenheim,BAS-RHIN,48.755671,7.642508,,
87747592,Monestier-de-Clermont,Monestier-De-Clermont,ISERE,44.911857,5.633921,,
87734335,Monistrol-d'Allier,Monistrol-D'Allier,HAUTE-LOIRE,44.969597,3.64986,,
87574681,Monnaie,Monnaie,INDRE-ET-LOIRE,47.49877,0.793299,,
87545111,Monnerville,Monnerville,ESSONNE,48.347296,2.031068,,
87586453,Monsempron-Libos,Monsempron-Libos,LOT-ET-GARONNE,44.488112,0.943445,,
87784793,Mont-Louis-La Cabanasse,La Cabanasse,PYRENEES-ORIENTALES,42.501964,2.113228,,
87171355,Mont-Notre-Dame,Mont-Notre-Dame,AISNE,49.296824,3.576725,,
87671016,Mont-de-Marsan,Mont-De-Marsan,LANDES,43.884704,-0.504121,,
87287128,Mont-de-Terre,Lille,NORD,50.617475,3.096843,,
87141143,Mont-sur-Meurthe,Mont-Sur-Meurthe,MEURTHE-ET-MOSELLE,48.560085,6.450134,,
87594135,Montaignac-St-Hippolyte,Montaignac-Sur-Doustre,CORREZE,45.354052,1.978798,,
87481465,Montaigu-Vendée,Montaigu-Vendee,VENDEE,46.983727,-1.316464,,
87597674,Montaigut,Montaigut-Le-Blanc,CREUSE,46.136893,1.73397,,
87684001,Montargis,Montargis,LOIRET,48.006922,2.743101,,
87615369,Montastruc-la-Conseillère,Montastruc-La-Conseillere,HAUTE-GARONNE,43.716596,1.600318,,
87276618,Montataire,Montataire,OISE,49.251175,2.436213,,
87611244,Montauban-Ville-Bourbon,Montauban,TARN-ET-GARONNE,44.015317,1.340038,,
87471086,Montauban-de-Bretagne,Montauban-De-Bretagne,ILLE-ET-VILAINE,48.189752,-2.051252,,
87612010,Montaudran,Toulouse,HAUTE-GARONNE,43.576143,1.47606,,
87672113,Montaut-Bétharram,Montaut,PYRENEES-ATLANTIQUES,43.127369,-0.198512,,
87713131,Montbard,Montbard,COTE-D'OR,47.618617,4.33551,,
87718866,Montbarrey,Montbarrey,JURA,47.036027,5.636745,,
87611699,Montbartier,Montbartier,TARN-ET-GARONNE,43.925419,1.265184,,
87571406,Montbazon,Montbazon,INDRE-ET-LOIRE,47.291713,0.721463,,
87396044,Montbizot,Montbizot,SARTHE,48.15133,0.190915,,
87726448,Montbrison,Montbrison,LOIRE,45.604533,4.078543,,
87184523,Montbéliard,Montbeliard,DOUBS,47.510508,6.801539,,
87694620,Montceau-les-Mines,Montceau-Les-Mines,SAONE-ET-LOIRE,46.670512,4.361105,,
87694307,Montchanin,Montchanin,SAONE-ET-LOIRE,46.759397,4.481318,,
87763508,Montdauphin-Guillestre,Eygliers,HAUTES-ALPES,44.674573,6.615537,,
87313346,Montdidier,Montdidier,SOMME,49.6412,2.561748,,
87338590,Monte-Carlo-Country-Club,Roquebrune-Cap-Martin,ALPES-MARITIMES,43.756553,7.450723,,
87491183,Montendre,Montendre,CHARENTE-MARITIME,45.281657,-0.396396,,
87682302,Montereau,Montereau-Fault-Yonne,SEINE-ET-MARNE,48.379785,2.941193,,
87296418,Montescourt,Montescourt-Lizerolles,AISNE,49.737563,3.251996,,
87765818,Monteux,Monteux,VAUCLUSE,44.037462,4.994882,,
87765412,Montfavet,Avignon,VAUCLUSE,43.932529,4.874,,
87718106,Montferrand-Thoraise,Montferrand-Le-Chateau,DOUBS,47.184745,5.907548,,
87393892,Montfort-l'Amaury-Mère,Mere,YVELINES,48.802738,1.815591,,
87396291,Montfort-le-Gesnois,Montfort-Le-Gesnois,SARTHE,48.040937,0.407735,,
87471078,Montfort-sur-Meu,Montfort-Sur-Meu,ILLE-ET-VILAINE,48.138419,-1.947671,,
87682104,Montgeron-Crosne,Montgeron,ESSONNE,48.709113,2.460524,,
87381160,Montgeroult-Courcelles,Montgeroult,VAL-D'OISE,49.080438,2.00385,,
87172056,Monthermé,Bogny-Sur-Meuse,ARDENNES,49.866117,4.740087,,
87276089,Montigny-Beauchamp,Montigny-Les-Cormeilles,VAL-D'OISE,49.007376,2.197791,,
87684100,Montigny-sur-Loing,Montigny-Sur-Loing,SEINE-ET-MARNE,48.336448,2.738558,,
87413724,Montivilliers,Montivilliers,SEINE-MARITIME,49.542893,0.189531,,
87618207,Montlaur,Montlaur,HAUTE-GARONNE,43.47652,1.574532,,
87571273,Montlouis,Montlouis-Sur-Loire,INDRE-ET-LOIRE,47.391036,0.816929,,
87723569,Montluel,Montluel,AIN,45.848077,5.058616,,
87323675,Montluçon-Rimard,Montlucon,ALLIER,46.335556,2.611453,,
87641001,Montluçon-Ville,Montlucon,ALLIER,46.3376,2.596303,,
87583674,Montmoreau,Montmoreau,CHARENTE,45.398191,0.137984,,
87575480,Montmorillon,Montmorillon,VIENNE,46.417365,0.873793,,
87194209,Montmédy,Montmedy,MEUSE,49.52306,5.371264,,
87741181,Montmélian,Montmelian,SAVOIE,45.503834,6.041485,,
87481713,Montoir-de-Bretagne,Montoir-De-Bretagne,LOIRE-ATLANTIQUE,47.320893,-2.161572,,
87781534,Montpaon,Fondamente,AVEYRON,43.85625,3.113458,,
87688887,Montpellier Sud-de-France,Lattes,HERAULT,43.590594,3.913503,,
87773002,Montpellier-St-Roch,Montpellier,HERAULT,43.606091,3.882758,211,Paris Gare de Lyon
87595322,Montpon-Ménestérol,Montpon-Menesterol,DORDOGNE,45.006217,0.159395,,
87611848,Montrabé,Montrabe,HAUTE-GARONNE,43.644557,1.526382,,
87382879,Montreuil,Versailles,YVELINES,48.806638,2.150801,,
87487637,Montreuil-Bellay,Montreuil-Bellay,MAINE-ET-LOIRE,47.126538,-0.14913,,
87478032,Montreuil-sur-Ille,Montreuil-Sur-Ille,ILLE-ET-VILAINE,48.306889,-1.674184,,
87317164,Montreuil-sur-Mer,Montreuil,PAS-DE-CALAIS,50.466316,1.769085,,
87316406,Montreuil-sur-Thérain,Montreuil-Sur-Therain,OISE,49.381685,2.199922,,
87184275,Montreux-Vieux,Montreux-Vieux,HAUT-RHIN,47.618231,7.026612,,
87574855,Montrichard,Montrichard Val De Cher,LOIR-ET-CHER,47.344046,1.172739,,
87746867,Montroc-le-Planet,Chamonix-Mont-Blanc,HAUTE-SAVOIE,45.996058,6.934431,,
87726885,Montrond-les-Bains,Montrond-Les-Bains,LOIRE,45.64418,4.246781,,
87116400,Montry-Condé,Montry,SEINE-ET-MARNE,48.890849,2.826401,,
87611152,Montréjeau-Gourdan-Polignan,Gourdan-Polignan,HAUTE-GARONNE,43.078336,0.572215,,
87575035,Monts,Monts,INDRE-ET-LOIRE,47.281723,0.654757,,
87276493,Montsoult-Maffliers,Montsoult,VAL-D'OISE,49.066031,2.3225,,
87478537,Montsûrs,Bree,MAYENNE,48.141608,-0.550282,,
87411801,Montville,Eslettes,SEINE-MARITIME,49.551025,1.069722,,
87764001,Montélimar,Montelimar,DROME,44.55784,4.744205,,
87411454,Montérolier-Buchy,Buchy,SEINE-MARITIME,49.603557,1.337095,,
87683557,Monéteau-Gurgy,Moneteau,YONNE,47.850753,3.580031,,
87182592,Moosch,Moosch,HAUT-RHIN,47.860831,7.050765,,
87484170,Morannes,Morannes Sur Sarthe-Daumeray,MAINE-ET-LOIRE,47.738771,-0.41821,,
87715433,Morbier,Morbier,JURA,46.53929,6.017746,,
87673103,Morcenx,Morcenx-La-Nouvelle,LANDES,44.034004,-0.908559,,
87682278,Moret-Veneux-les-Sablons,Moret-Loing-Et-Orvanne,SEINE-ET-MARNE,48.378091,2.799312,,
87313320,Moreuil,Moreuil,SOMME,49.777092,2.475454,,
87715441,Morez,Hauts De Bienne,JURA,46.526352,6.023394,,
87411439,Morgny,Morgny-La-Pommeraye,SEINE-MARITIME,49.523703,1.248275,,
87192286,Morhange,Morhange,MOSELLE,48.936755,6.65919,,
87765420,Morières-lès-Avignon,Morieres-Les-Avignon,VAUCLUSE,43.94145,4.908363,,
87474338,Morlaix,Morlaix,FINISTERE,48.578463,-3.830681,,
87116087,Mormant,Mormant,SEINE-ET-MARNE,48.613481,2.889395,,
87391300,Morre,Morre,DOUBS,47.225822,6.067526,,
87116244,Mortcerf,Mortcerf,SEINE-ET-MARNE,48.789192,2.907505,,
87718619,Morteau,Morteau,DOUBS,47.053592,6.604832,,
87184424,Morvillars,Morvillars,TERRITOIRE-DE-BELFORT,47.549659,6.935477,,
87212456,Mothern,Mothern,BAS-RHIN,48.934931,8.161849,,
87411280,Motteville,Motteville,SEINE-MARITIME,49.636578,0.850116,,
87718833,Mouchard,Mouchard,JURA,46.97577,5.800378,,
87681403,Moulin-Galant,Corbeil-Essonnes,ESSONNE,48.586163,2.47354,,
87696328,Moulins-sur-Allier,Moulins,ALLIER,46.56319,3.339881,,
87581231,Moulis-Listrac,Moulis-En-Medoc,GIRONDE,45.08398,-0.744671,,
87444190,Moult-Argences,Moult-Chicheboville,CALVADOS,49.109543,-0.182642,,
87174409,Mourmelon-le-Petit,Mourmelon-Le-Petit,MARNE,49.131304,4.317815,,
87116285,Mouroux,Mouroux,SEINE-ET-MARNE,48.813442,3.044148,,
87473512,Moustéru,Bourbriac,COTES-D'ARMOR,48.507799,-3.242783,,
87313577,Mouy-Bury,Bury,OISE,49.320546,2.32657,,
87191718,Moyeuvre-Grande,Moyeuvre-Grande,MOSELLE,49.246729,6.044076,,
87741728,Moûtiers-Salins-Brides-les-Bains,Moutiers,SAVOIE,45.48657,6.531305,,
87182733,Muhlbach-sur-Munster,Muhlbach-Sur-Munster,HAUT-RHIN,48.024487,7.087636,,
87171298,Muizon,Muizon,MARNE,49.278214,3.891856,,
87182055,Mulhouse-Dornach,Mulhouse,HAUT-RHIN,47.746898,7.308133,,
87534321,Mulhouse-Dornach (Tram/Train),Mulhouse,HAUT-RHIN,47.746419,7.309313,,
87534339,Mulhouse-Musées (Tram/Train),Mulhouse,HAUT-RHIN,47.75016,7.298676,,
87182063,Mulhouse-Ville,Mulhouse,HAUT-RHIN,47.742547,7.344456,171,Paris Gare de Lyon
87214643,Mullerhof,Urmatt,BAS-RHIN,48.524739,7.312617,,
87212449,Munchhausen,Munchhausen,BAS-RHIN,48.923932,8.141046,,
87212100,Mundolsheim,Mundolsheim,BAS-RHIN,48.645575,7.721178,,
87182394,Munster,Munster,HAUT-RHIN,48.038162,7.134168,,
87386540,Munster-Badischhof,Munster,HAUT-RHIN,48.039082,7.152972,,
87645481,Murat,Murat,CANTAL,45.10882,2.866736,,
87611038,Muret,Muret,HAUTE-GARONNE,43.46328,1.323204,,
87595298,Mussidan,Saint-Medard-De-Mussidan,DORDOGNE,45.034545,0.353908,,
87547307,Musée-d'Orsay,Paris,PARIS,48.859931,2.32855,,
87214585,Mutzig,Mutzig,BAS-RHIN,48.533593,7.462407,,
87725705,Mâcon-Loché-TGV,Macon,SAONE-ET-LOIRE,46.282782,4.778443,95,Paris Gare de Lyon
87725689,Mâcon-Ville,Macon,SAONE-ET-LOIRE,46.301908,4.823839,,
87713065,Mâlain,Malain,COTE-D'OR,47.327058,4.810462,,
87141390,Ménil-Flin,Flin,MEURTHE-ET-MOSELLE,48.504981,6.659278,,
87611525,Mérens-les-Vals,Merens-Les-Vals,ARIEGE,42.659365,1.837337,,
87611814,Mérenvielle,Merenvielle,HAUTE-GARONNE,43.636583,1.150641,,
87313064,Méricourt-Ribemont,Mericourt-L'Abbe,SOMME,49.955589,2.572495,,
87276675,Mériel,Meriel,VAL-D'OISE,49.077242,2.205014,,
87278259,Mérignac-Arlac,Merignac,GIRONDE,44.826771,-0.626243,,
87313668,Méru,Meru,OISE,49.23213,2.132445,,
87276667,Méry (Val-d'Oise),Mery-Sur-Oise,VAL-D'OISE,49.057426,2.190804,,
87444208,Mézidon,Mezidon Vallee D'Auge,CALVADOS,49.070686,-0.074156,,
87725838,Mézériat,Mezeriat,AIN,46.234974,5.046701,,
87575175,Naintré-les-Barres,Naintre,VIENNE,46.759416,0.496189,,
87613463,Najac,Najac,AVEYRON,44.2226,1.976549,,
87313379,Namps-Quevauvillers,Namps-Maisnil,SOMME,49.808171,2.105542,,
87141002,Nancy-Ville,Nancy,MEURTHE-ET-MOSELLE,48.690627,6.173454,97,Paris Gare de l'Est
87116095,Nangis,Nangis,SEINE-ET-MARNE,48.561096,3.013201,,
87386011,Nanterre La Folie,Nanterre,HAUTS-DE-SEINE,48.897562,2.226678,,
87386318,Nanterre-Université,Nanterre,HAUTS-DE-SEINE,48.901831,2.216052,,
87481002,Nantes,Nantes,LOIRE-ATLANTIQUE,47.21695,-1.54176,130,Paris Montparnasse
87116558,Nanteuil-Saâcy,Saacy-Sur-Marne,SEINE-ET-MARNE,48.973957,3.220271,,
87271577,Nanteuil-le-Haudouin,Nanteuil-Le-Haudouin,OISE,49.142424,2.793955,,
87592444,Nantiat,Nantiat,HAUTE-VIENNE,46.005621,1.156384,,
87175067,Nançois-Tronville,Nancois-Sur-Ornain,MEUSE,48.717869,5.291378,,
87781104,Narbonne,Narbonne,AUDE,43.190957,3.006224,,
87615732,Naucelle,Naucelle,AVEYRON,44.185426,2.363461,,
87478545,Neau,Neau,MAYENNE,48.157819,-0.475466,,
87684126,Nemours-St-Pierre,Saint-Pierre-Les-Nemours,SEINE-ET-MARNE,48.267828,2.68559,,
87575167,Nerpuy,Naintre,VIENNE,46.78346,0.525671,,
87313486,Nesle,Nesle,SOMME,49.764211,2.908419,,
87141291,Neufchâteau,Neufchateau,VOSGES,48.358533,5.690907,,
87317099,Neufchâtel-Hardelot,Neufchatel-Hardelot,PAS-DE-CALAIS,50.62116,1.639817,,
87381020,Neuilly-Porte-Maillot,Paris,PARIS,48.877868,2.284262,,
87116681,Neuilly-St-Front,Vichel-Nanteuil,AISNE,49.187224,3.270687,,
87712182,Neuilly-lès-Dijon,Neuilly-Crimolois,COTE-D'OR,47.281644,5.110944,,
87571547,Neuillé-Pont-Pierre,Neuille-Pont-Pierre,INDRE-ET-LOIRE,47.558534,0.564043,,
87645507,Neussargues,Neussargues En Pinatelle,CANTAL,45.125082,2.976242,,
87141507,Neuves-Maisons,Neuves-Maisons,MEURTHE-ET-MOSELLE,48.61485,6.108955,,
87595272,Neuvic,Neuvic,DORDOGNE,45.099838,0.445212,,
87334482,Neuville-Université,Neuville-Sur-Oise,VAL-D'OISE,49.014391,2.078363,,
87396028,Neuville-sur-Sarthe,Neuville-Sur-Sarthe,SARTHE,48.070398,0.19979,,
87597070,Neuvy-Pailloux,Neuvy-Pailloux,INDRE,46.883616,1.864272,,
87696005,Nevers,Nevers,NIEVRE,46.98732,3.150516,,
87559070,Nevers-Le Banlay,Nevers,NIEVRE,47.006589,3.165036,,
87592725,Nexon,Nexon,HAUTE-VIENNE,45.691609,1.178385,,
87520299,Nice-Pont-Michel,Nice,ALPES-MARITIMES,43.721822,7.291538,,
87756353,Nice-Riquier,Nice,ALPES-MARITIMES,43.705602,7.29087,,
87756254,Nice-St-Augustin,Nice,ALPES-MARITIMES,43.670804,7.216787,,
87756007,Nice-St-Roch,Nice,ALPES-MARITIMES,43.715174,7.286559,,
87756056,Nice-Ville,Nice,ALPES-MARITIMES,43.704934,7.262059,348,Paris Gare de Lyon
87213256,Niederbronn-les-Bains,Niederbronn-Les-Bains,BAS-RHIN,48.952344,7.633762,,
87287151,Nieppe,Nieppe,NORD,50.69714,2.827815,,
87592410,Nieul,Nieul,HAUTE-VIENNE,45.927379,1.172401,,
87753582,Niolon,Le Rove,BOUCHES-DU-RHONE,43.340116,5.257005,,
87485300,Niort,Niort,DEUX-SEVRES,46.320782,-0.453101,,
87595512,Niversac,Boulazac Isle Manoire,DORDOGNE,45.138386,0.808308,,
87342139,Noeux-les-Mines,Nœux-Les-Mines,PAS-DE-CALAIS,50.482593,2.676106,,
87113746,Nogent-Le Perreux,Nogent-Sur-Marne,VAL-DE-MARNE,48.83859,2.494111,,
87116566,Nogent-l'Artaud,Nogent-L'Artaud,AISNE,48.968657,3.322416,,
87394296,Nogent-le-Rotrou,Nogent-Le-Rotrou,EURE-ET-LOIR,48.32646,0.810784,,
87118190,Nogent-sur-Seine,Nogent-Sur-Seine,AUBE,48.498228,3.494155,,
87684274,Nogent-sur-Vernisson,Nogent-Sur-Vernisson,LOIRET,47.852817,2.737639,,
87276758,Nointel-Mours,Nointel,VAL-D'OISE,49.132484,2.280797,,
87734509,Noirétable,Noiretable,LOIRE,45.816015,3.761191,,
87733659,Noisy-le-Roi TT,Noisy-Le-Roi,YVELINES,48.841278,2.06228,,
87113217,Noisy-le-Sec,Noisy-Le-Sec,SEINE-SAINT-DENIS,48.896628,2.460579,,
87574368,Noizay,Noizay,INDRE-ET-LOIRE,47.409737,0.896468,,
87286609,Nomain,Nomain,NORD,50.502367,3.206891,,
87286815,Nomain-Ouvignies,Nomain,NORD,50.506531,3.230687,,
87393553,Nonancourt,Nonancourt,EURE,48.775607,1.19284,,
87444570,Nonant-le-Pin,Nonant-Le-Pin,ORNE,48.703946,0.221577,,
87481598,Nort-sur-Erdre,Nort-Sur-Erdre,LOIRE-ATLANTIQUE,47.441853,-1.50344,,
87287292,Nortkerque,Nortkerque,PAS-DE-CALAIS,50.8828,2.023991,,
87574699,Notre-Dame-d'Oé,Notre-Dame-D'Oe,INDRE-ET-LOIRE,47.459625,0.707012,,
87741694,Notre-Dame-de-Briançon,La Lechere,SAVOIE,45.539523,6.468669,,
87543157,Nouan-le-Fuzelier,Nouan-Le-Fuzelier,LOIR-ET-CHER,47.534908,2.032683,,
87172213,Nouvion-sur-Meuse,Nouvion-Sur-Meuse,ARDENNES,49.697104,4.795019,,
87172023,Nouzonville,Nouzonville,ARDENNES,49.812559,4.742239,,
87718411,Novillars,Novillars,DOUBS,47.283962,6.132815,,
87192427,Novéant,Noveant-Sur-Moselle,MOSELLE,49.028166,6.052355,,
87471540,Noyal-Acigné,Noyal-Sur-Vilaine,ILLE-ET-VILAINE,48.118789,-1.527284,,
87317396,Noyelles-sur-Mer,Noyelles-Sur-Mer,SOMME,50.185666,1.704736,,
87396374,Noyen,Noyen-Sur-Sarthe,SARTHE,47.874704,-0.098638,,
87276782,Noyon,Noyon,OISE,49.576871,3.005932,,
87775353,Nozières-Brignon,Boucoiran-Et-Nozieres,GARD,43.97587,4.207422,,
87713529,Nuits-St-Georges,Nuits-Saint-Georges,COTE-D'OR,47.130318,4.956202,,
87713156,Nuits-sous-Ravières,Nuits,YONNE,47.729848,4.211259,,
87743351,Nurieux,Nurieux-Volognat,AIN,46.183928,5.533342,,
87784736,Nyers,Nyer,PYRENEES-ORIENTALES,42.541645,2.263026,,
87595132,Négrondes,Negrondes,DORDOGNE,45.346516,0.861654,,
87576454,Nérondes,Nerondes,CHER,46.999536,2.822585,,
87381731,Nézel-Aulnay,Nezel,YVELINES,48.938736,1.840516,,
87775007,Nîmes,Nimes,GARD,43.832529,4.366218,181,Paris Gare de Lyon
87703975,Nîmes-Pont du Gard,Manduel,GARD,43.815644,4.505904,,
87213165,Obermodern,Obermodern-Zutzendorf,BAS-RHIN,48.842508,7.547028,,
87214288,Obernai,Obernai,BAS-RHIN,48.462124,7.489116,,
87594630,Objat,Objat,CORREZE,45.264713,1.406828,,
87182634,Oderen,Oderen,HAUT-RHIN,47.911834,6.973584,,
87215632,Oermingen,Oermingen,BAS-RHIN,49.000419,7.131868,,
87672709,Ogeu-les-Bains,Ogeu-Les-Bains,PYRENEES-ATLANTIQUES,43.153875,-0.507445,,
87411207,Oissel,Oissel,SEINE-MARITIME,49.343447,1.102248,,
87784728,Olette-Canaveilles-les-Bains,Olette,PYRENEES-ORIENTALES,42.554661,2.272012,,
87755231,Ollioules-Sanary-sur-Mer,Ollioules,VAR,43.122361,5.825502,,
87486431,Olonne-sur-Mer,Les Sables-D'Olonne,VENDEE,46.54922,-1.766253,,
87672725,Oloron-Ste-Marie,Oloron-Sainte-Marie,PYRENEES-ATLANTIQUES,43.194756,-0.612202,,
87673319,Ondres,Ondres,LANDES,43.569328,-1.45638,,
87192435,Onville,Onville,MEURTHE-ET-MOSELLE,49.013284,5.981217,,
87574319,Onzain-Chaumont-sur-Loire,Veuzain-Sur-Loire,LOIR-ET-CHER,47.491812,1.186124,,
87765107,Orange,Orange,VAUCLUSE,44.136991,4.821136,,
87681346,Orangis-Bois-de-l'Épine,Ris-Orangis,ESSONNE,48.636335,2.409759,,
87718361,Orchamps,Orchamps,JURA,47.150201,5.659086,,
87286583,Orchies,Orchies,NORD,50.47729,3.249108,,
87753707,Orgon,Orgon,BOUCHES-DU-RHONE,43.785728,5.045609,,
87393447,Orgérus-Béhoust,Orgerus,YVELINES,48.826622,1.702911,,
87296145,Origny-en-Thiérache,Origny-En-Thierache,AISNE,49.890629,4.024128,,
87546200,Orly-Ville,Orly,VAL-DE-MARNE,48.741903,2.402829,,
87543009,Orléans,Orleans,LOIRET,47.908154,1.90476,,
87271585,Ormoy-Villers,Ormoy-Villers,OISE,49.20031,2.83727,,
87276279,Orry-la-Ville-Coye,Orry-La-Ville,OISE,49.138779,2.489737,,
87295667,Ors,Ors,NORD,50.102659,3.625907,,
87672253,Orthez,Orthez,PYRENEES-ATLANTIQUES,43.484128,-0.768133,,
87381145,Osny,Osny,VAL-D'OISE,49.062936,2.057888,,
87671313,Ossun,Ossun,HAUTES-PYRENEES,43.182585,-0.021744,,
87673707,Ossès-St-Martin-d'Arrossa,Saint-Martin-D'Arrossa,PYRENEES-ATLANTIQUES,43.235312,-1.304959,,
87784868,Osséja,Osseja,PYRENEES-ORIENTALES,42.41993,1.977066,,
87481184,Oudon,Oudon,LOIRE-ATLANTIQUE,47.343262,-1.292012,,
87712604,Ouges,Ouges,COTE-D'OR,47.256313,5.072216,,
87116699,Oulchy-Breny,Breny,AISNE,49.187521,3.352528,,
87722207,Oullins,Oullins,RHONE,45.714928,4.814577,,
87276774,Ourscamps,Pimprez,OISE,49.533706,2.953673,,
87743534,Oyonnax,Oyonnax,AIN,46.259544,5.653138,,
87116020,Ozoir-la-Ferrière,Ozoir-La-Ferriere,SEINE-ET-MARNE,48.770396,2.690474,,
87713669,Pagny,Pagny-Le-Chateau,COTE-D'OR,47.046281,5.20092,,
87175828,Pagny-sur-Meuse,Pagny-Sur-Meuse,MEUSE,48.697185,5.73274,,
87192468,Pagny-sur-Moselle,Pagny-Sur-Moselle,MEURTHE-ET-MOSELLE,48.985121,6.025499,,
87473868,Paimpol,Paimpol,COTES-D'ARMOR,48.776635,-3.04602,,
87611343,Pamiers,Pamiers,ARIEGE,43.116113,1.619598,,
87485524,Pamproux,Pamproux,DEUX-SEVRES,46.399803,-0.051722,,
87113209,Pantin,Pantin,SEINE-SAINT-DENIS,48.898068,2.400245,,
87694687,Paray-le-Monial,Paray-Le-Monial,SAONE-ET-LOIRE,46.44698,4.113797,,
87271486,Parc-des-Expositions,Villepinte,SEINE-SAINT-DENIS,48.973329,2.514366,,
87581710,Parempuyre,Parempuyre,GIRONDE,44.944619,-0.619317,,
87734194,Parent-Coudes-Champeix,Parent,PUY-DE-DOME,45.614188,3.216705,,
87547000,Paris-Austerlitz,Paris,PARIS,48.840495,2.367038,,
87547026,Paris-Austerlitz-Souterrain,Paris,PARIS,48.840495,2.367038,,
87686667,Paris-Bercy,Paris,PARIS,48.840057,2.385021,,
87113001,Paris-Est,Paris,PARIS,48.877371,2.358926,,
87686006,Paris-Gare-de-Lyon,Paris,PARIS,48.844301,2.37352,,
87686030,Paris-Gare-de-Lyon-Souterrain,Paris,PARIS,48.844125,2.373831,,
87271007,Paris-Nord,Paris,PARIS,48.881053,2.356622,,
87271023,Paris-Nord-Souterraine,Paris,PARIS,48.881053,2.356622,,
87271031,Paris-Nord-Surface,Paris,PARIS,48.881053,2.356622,,
87384008,Paris-St-Lazare,Paris,PARIS,48.876502,2.324225,,
87391102,Paris-Vaugirard,Paris,PARIS,48.83753,2.316171,,
87597724,Parsac-Gouzon,Parsac-Rimondeix,CREUSE,46.198339,2.174491,,
87753285,Pas-des-Lanciers,Marignane,BOUCHES-DU-RHONE,43.410113,5.253676,,
87672006,Pau,Pau,PYRENEES-ATLANTIQUES,43.291726,-0.370668,,
87581256,Pauillac,Pauillac,GIRONDE,45.203823,-0.755105,,
87352047,Paul-Émile-Victor,Champagnole,JURA,46.742616,5.91981,,
87734293,Paulhaguet,Salzuit,HAUTE-LOIRE,45.210403,3.500321,,
87411272,Pavilly,Pavilly,SEINE-MARITIME,49.564188,0.950485,,
87756791,Peille,Peille,ALPES-MARITIMES,43.791936,7.38007,,
87756783,Peillon-Ste-Thècle,Peillon,ALPES-MARITIMES,43.767926,7.36686,,
87192203,Peltre,Peltre,MOSELLE,49.073961,6.221716,,
87321745,Penhoët,Saint-Nazaire,LOIRE-ATLANTIQUE,47.290646,-2.200795,,
87586438,Penne,Penne-D'Agenais,LOT-ET-GARONNE,44.379894,0.802761,,
87476424,Penthièvre,Saint-Pierre-Quiberon,MORBIHAN,47.557784,-3.133099,,
87342550,Pernes-Camblain,Camblain-Chatelain,PAS-DE-CALAIS,50.47997,2.428537,,
87784009,Perpignan,Perpignan,PYRENEES-ORIENTALES,42.696215,2.87935,315,Paris Gare de Lyon
87745620,Perrignier,Perrignier,HAUTE-SAVOIE,46.304178,6.425947,,
87645176,Pers,Le Rouget-Pers,CANTAL,44.886944,2.240507,,
87276469,Persan-Beaumont,Persan,VAL-D'OISE,49.148279,2.278786,,
87751362,Pertuis,Pertuis,VAUCLUSE,43.684422,5.503649,,
87581751,Pessac,Pessac,GIRONDE,44.804329,-0.631981,,
87581793,Pessac-Alouette,Pessac,GIRONDE,44.793325,-0.659797,,
87184267,Petit-Croix,Montreux-Chateau,TERRITOIRE-DE-BELFORT,47.610132,6.995402,,
87393504,Petit-Jouy-Les Loges,Les Loges-En-Josas,YVELINES,48.768472,2.147702,,
87393652,Petit-Vaux,Epinay-Sur-Orge,ESSONNE,48.676293,2.333429,,
87672337,Peyrehorade,Peyrehorade,LANDES,43.546885,-1.116158,,
87592428,Peyrilhac-St-Jouvent,Peyrilhac,HAUTE-VIENNE,45.959766,1.170073,,
87574541,Pezou,Pezou,LOIR-ET-CHER,47.86736,1.141014,,
87286500,Phalempin,Phalempin,NORD,50.515171,3.020146,,
87611830,Pibrac,Pibrac,HAUTE-GARONNE,43.621524,1.289301,,
87759290,Picon-Busserine,Marseille,BOUCHES-DU-RHONE,43.331439,5.393306,,
87313106,Picquigny,Picquigny,SOMME,49.945772,2.144291,,
87592253,Pierre-Buffière,Pierre-Buffiere,HAUTE-VIENNE,45.699524,1.347076,,
87722231,Pierre-Bénite,Pierre-Benite,RHONE,45.705296,4.827093,,
87697326,Pierrefite-Stains TT,Pierrefitte-Sur-Seine,SEINE-SAINT-DENIS,48.960075,2.36723,,
87271163,Pierrefitte-Stains,Pierrefitte-Sur-Seine,SEINE-SAINT-DENIS,48.963921,2.372341,,
87764308,Pierrelatte,Pierrelatte,DROME,44.373521,4.703792,,
87276097,Pierrelaye,Pierrelaye,VAL-D'OISE,49.019371,2.153765,,
87141556,Pierreville,Pierreville,MEURTHE-ET-MOSELLE,48.548451,6.124302,,
87755389,Pignans,Pignans,VAR,43.29857,6.225336,,
87316679,Pihen,Pihen-Les-Guines,PAS-DE-CALAIS,50.873056,1.785558,,
87618116,Pins-Justaret,Pins-Justaret,HAUTE-GARONNE,43.478891,1.399731,,
87393421,Plaisir-Grignon,Plaisir,YVELINES,48.832128,1.941466,,
87393629,Plaisir-Les Clayes,Plaisir,YVELINES,48.830998,1.957493,,
87473272,Plancoët,Plancoet,COTES-D'ARMOR,48.522695,-2.22854,,
87784785,Planès,Planes,PYRENEES-ORIENTALES,42.501037,2.136888,,
87478123,Plerguer,Plerguer,ILLE-ET-VILAINE,48.53092,-1.848807,,
87473090,Plestan,Plestan,COTES-D'ARMOR,48.42491,-2.44055,,
87478149,Pleudihen,Pleudihen-Sur-Rance,COTES-D'ARMOR,48.500228,-1.960133,,
87474320,Pleyber-Christ,Pleyber-Christ,FINISTERE,48.508498,-3.881762,,
87473181,Plouaret-Trégor,Le Vieux-Marche,COTES-D'ARMOR,48.608302,-3.450796,,
87473538,Plougonver,Plougonver,COTES-D'ARMOR,48.458217,-3.370313,,
87476416,Plouharnel-Carnac,Plouharnel,MORBIHAN,47.604321,-3.118386,,
87474411,Plouigneau,Plouigneau,FINISTERE,48.564268,-3.70858,,
87473199,Plounérin,Plounerin,COTES-D'ARMOR,48.581862,-3.567314,,
87473132,Plouvara-Plerneuf,Plouvara,COTES-D'ARMOR,48.508347,-2.89131,,
87471177,Pléchâtel,Plechatel,ILLE-ET-VILAINE,47.872054,-1.776537,,
87473082,Plénée-Jugon,Plenee-Jugon,COTES-D'ARMOR,48.376252,-2.353027,,
87582734,Podensac,Podensac,GIRONDE,44.648852,-0.35894,,
87581397,Pointe-de-Grave,Le Verdon-Sur-Mer,GIRONDE,45.566668,-1.065587,,
87386573,Poissy,Poissy,YVELINES,48.932648,2.039681,,
87575001,Poitiers,Poitiers,VIENNE,46.582364,0.332787,96,Paris Montparnasse
87172171,Poix-Terron,Poix-Terron,ARDENNES,49.65061,4.636828,,
87313395,Poix-de-Picardie,Poix-De-Picardie,SOMME,49.777689,1.99029,,
87718189,Poligny,Poligny,JURA,46.843403,5.699031,,
87761742,Poliénas,Polienas,ISERE,45.256196,5.473844,,
87725846,Polliat,Polliat,AIN,46.24453,5.123953,,
87615146,Pomas,Pomas,AUDE,43.112184,2.288295,,
87618058,Pommevic,Pommevic,TARN-ET-GARONNE,44.102099,0.933728,,
87594663,Pompadour,Arnac-Pompadour,CORREZE,45.395193,1.38723,,
87141788,Pompey,Pompey,MEURTHE-ET-MOSELLE,48.773207,6.130838,,
87491100,Pons,Pons,CHARENTE-MARITIME,45.578136,-0.538959,,
87381111,Pont-Cardinet,Paris,PARIS,48.887745,2.314477,,
87473520,Pont-Melvez,Pont-Melvez,COTES-D'ARMOR,48.470123,-3.311373,,
87276154,Pont-Petit,Saint-Ouen-L'Aumone,VAL-D'OISE,49.061542,2.131899,,
87313130,Pont-Remy,Pont-Remy,SOMME,50.046172,1.899658,,
87764555,Pont-St-Esprit,Pont-Saint-Esprit,GARD,44.253477,4.643193,,
87141523,Pont-St-Vincent,Pont-Saint-Vincent,MEURTHE-ET-MOSELLE,48.602103,6.103443,,
87276329,Pont-Ste-Maxence,Pont-Sainte-Maxence,OISE,49.309975,2.602805,,
87743120,Pont-d'Ain,Pont-D'Ain,AIN,46.05391,5.334197,,
87281410,Pont-d'Ardres,Ardres,PAS-DE-CALAIS,50.891918,1.971882,,
87741470,Pont-de-Beauvoisin,Le Pont-De-Beauvoisin,ISERE,45.524459,5.680663,,
87286831,Pont-de-Bois,Villeneuve-D'Ascq,NORD,50.623971,3.129772,,
87317115,Pont-de-Briques,Saint-Etienne-Au-Mont,PAS-DE-CALAIS,50.680973,1.630646,,
87474056,Pont-de-Buis Lès Quimerc'h,Pont-De-Buis-Les-Quimerch,FINISTERE,48.254408,-4.086106,,
87747519,Pont-de-Claix,Le Pont-De-Claix,ISERE,45.125029,5.700044,,
87752899,Pont-de-Claix - L'Etoile,Le Pont-De-Claix,ISERE,45.136697,5.702642,,
87734459,Pont-de-Dore,Peschadoires,PUY-DE-DOME,45.842818,3.490209,,
87726786,Pont-de-Lignon,Beauzac,HAUTE-LOIRE,45.259813,4.137457,,
87546192,Pont-de-Rungis-Aéroport-d'Orly,Thiais,VAL-DE-MARNE,48.748062,2.37286,,
87345124,Pont-de-Sallaumines,Sallaumines,PAS-DE-CALAIS,50.415743,2.864177,,
87725804,Pont-de-Veyle,Crottet,AIN,46.268915,4.890893,,
87393041,Pont-de-l'Alma,Paris,PARIS,48.862463,2.300382,,
87415661,Pont-de-l'Arche,Alizay,EURE,49.316974,1.159189,,
87345207,Pont-de-la-Deûle,Flers-En-Escrebieux,NORD,50.398035,3.084806,,
87586404,Pont-du-Casse,Pont-Du-Casse,LOT-ET-GARONNE,44.232825,0.675933,,
87734087,Pont-du-Château,Pont-Du-Chateau,PUY-DE-DOME,45.788476,3.237824,,
87393322,Pont-du-Garigliano-Hôpital-Georges-Pompidou,Paris,PARIS,48.839151,2.27048,,
87444349,Pont-l'Évêque,Pont-L'Eveque,CALVADOS,49.286954,0.192491,,
87683136,Pont-sur-Yonne,Pont-Sur-Yonne,YONNE,48.287377,3.201624,,
87141820,Pont-à-Mousson,Pont-A-Mousson,MEURTHE-ET-MOSELLE,48.900224,6.050598,,
87345264,Pont-à-Vendin,Vendin-Le-Vieil,PAS-DE-CALAIS,50.473274,2.879375,,
87725721,Pontanevaux,La Chapelle-De-Guinchay,SAONE-ET-LOIRE,46.212228,4.771991,,
87715003,Pontarlier,Pontarlier,DOUBS,46.899577,6.357115,,
87471391,Pontchaillou,Rennes,ILLE-ET-VILAINE,48.117948,-1.692159,,
87721464,Pontcharra-St-Forgeux,Vindry-Sur-Turdine,RHONE,45.871505,4.492874,,
87747493,Pontcharra-sur-Breda-Allevard,Pontcharra,ISERE,45.433939,6.007681,,
87481846,Pontchâteau,Pontchateau,LOIRE-ATLANTIQUE,47.436308,-2.088383,,
87641316,Pontgibaud,Pontgibaud,PUY-DE-DOME,45.820943,2.845795,,
87394247,Pontgouin,Pontgouin,EURE-ET-LOIR,48.477598,1.142882,,
87682526,Ponthierry-Pringy,Saint-Fargeau-Ponthierry,SEINE-ET-MARNE,48.534997,2.545061,,
87734103,Pontmort,Chambaron Sur Morge,PUY-DE-DOME,45.939731,3.160109,,
87276139,Pontoise,Pontoise,VAL-D'OISE,49.046725,2.09559,,
87478263,Pontorson-Mont-St-Michel,Pontorson,MANCHE,48.552719,-1.503131,,
87473843,Pontrieux,Pontrieux,COTES-D'ARMOR,48.705571,-3.157066,,
87473835,Pontrieux-Halte,Pontrieux,COTES-D'ARMOR,48.698063,-3.164223,,
87393165,Porchefontaine,Versailles,YVELINES,48.796573,2.151756,,
87481747,Pornichet,Pornichet,LOIRE-ATLANTIQUE,47.270661,-2.344705,,
87571794,Port-Boulet,Chouze-Sur-Loire,INDRE-ET-LOIRE,47.248663,0.155618,,
87478750,Port-Brillet,Port-Brillet,MAYENNE,48.11007,-0.973227,,
87481218,Port-St-Père-St-Mars,Port-Saint-Pere,LOIRE-ATLANTIQUE,47.115437,-1.740593,,
87586107,Port-Ste-Marie,Port-Sainte-Marie,LOT-ET-GARONNE,44.250465,0.388546,,
87784264,Port-Vendres,Port-Vendres,PYRENEES-ORIENTALES,42.513374,3.102683,,
87753459,Port-de-Bouc,Port-De-Bouc,BOUCHES-DU-RHONE,43.407305,4.984666,,
87575076,Port-de-Piles,La Celle-Saint-Avant,INDRE-ET-LOIRE,47.010262,0.598668,,
87781062,Port-la-Nouvelle,Port-La-Nouvelle,AUDE,43.019867,3.038712,,
87731448,Porte Maillot,Paris,PARIS,48.878028,2.282701,,
87111278,Porte-de-Clichy,Paris,PARIS,48.894018,2.314862,,
87611400,Portet-St-Simon,Portet-Sur-Garonne,HAUTE-GARONNE,43.526391,1.387768,,
87582718,Portets,Portets,GIRONDE,44.692925,-0.425408,,
87611509,Porté-Puymorens,Porta,PYRENEES-ORIENTALES,42.538959,1.824842,,
87745380,Pougny-Chancy,Pougny,AIN,46.144777,5.961218,,
87696211,Pougues-les-Eaux,Pougues-Les-Eaux,NIEVRE,47.076784,3.093935,,
87696179,Pouilly-sur-Loire,Pouilly-Sur-Loire,NIEVRE,47.282528,2.965051,,
87144204,Poussay,Poussay,VOSGES,48.322427,6.126617,,
87144428,Pouxeux,Pouxeux,VOSGES,48.108773,6.569257,,
87487314,Pouzauges,La Meilleraie-Tillay,VENDEE,46.75251,-0.814156,,
87784637,Prades-Molitg-les-Bains,Prades,PYRENEES-ORIENTALES,42.620529,2.436616,,
87141622,Praye-sous-Vaudémont,Praye,MEURTHE-ET-MOSELLE,48.432552,6.100933,,
87582767,Preignac,Preignac,GIRONDE,44.578319,-0.302332,,
87276501,Presles-Courcelles,Presles,VAL-D'OISE,49.11329,2.287876,,
87485268,Prin-Deyrançon,Prin-Deyrancon,DEUX-SEVRES,46.219392,-0.635717,,
87746206,Pringy,Annecy,HAUTE-SAVOIE,45.939507,6.123324,,
87485359,Prissé-la-Charrière,Plaine-D'Argenson,DEUX-SEVRES,46.154351,-0.492395,,
87343418,Prouvy-Thiant,Prouvy,NORD,50.316252,3.459318,,
87144345,Provenchères-sur-Fave,Provencheres-Et-Colroy,VOSGES,48.304571,7.085467,,
87116160,Provins,Provins,SEINE-ET-MARNE,48.555582,3.302853,,
87171629,Prunay,Prunay,MARNE,49.198725,4.183792,,
87576199,Pruniers,Gievres,LOIR-ET-CHER,47.313156,1.672258,,
87276410,Précy-sur-Oise,Precy-Sur-Oise,OISE,49.203501,2.376953,,
87755363,Puget-Ville,Puget-Ville,VAR,43.282951,6.138367,,
87141564,Pulligny-Autrey,Autrey,MEURTHE-ET-MOSELLE,48.535725,6.137669,,
87382382,Puteaux,Puteaux,HAUTS-DE-SEINE,48.88305,2.233401,,
87594754,Puybrun,Puybrun,LOT,44.921717,1.784263,,
87672279,Puyoô,Puyoo,PYRENEES-ATLANTIQUES,43.5246,-0.911173,,
87381012,Péreire-Levallois,Paris,PARIS,48.885307,2.297946,,
87286278,Pérenchies,Perenchies,NORD,50.667351,2.976175,,
87595009,Périgueux,Perigueux,DORDOGNE,45.187207,0.707235,,
87595504,Périgueux-St-Georges,Perigueux,DORDOGNE,45.178326,0.733659,,
87592170,Pérols,Perols-Sur-Vezere,CORREZE,45.584801,1.977788,,
87317487,Quesnoy-le-Montant,Quesnoy-Le-Montant,SOMME,50.108843,1.702437,,
87286245,Quesnoy-sur-Deûle,Quesnoy-Sur-Deule,NORD,50.707933,2.995702,,
87476671,Questembert,Questembert,MORBIHAN,47.683183,-2.449554,,
87476457,Quiberon,Quiberon,MORBIHAN,47.485604,-3.11816,,
87615260,Quillan,Quillan,AUDE,42.873609,2.181745,,
87474098,Quimper,Quimper,FINISTERE,47.99487,-4.092537,227,Paris Montparnasse
87476317,Quimperlé,Quimperle,FINISTERE,47.86954,-3.553051,,
87721290,Quincieux,Quincieux,RHONE,45.90603,4.779943,,
87473058,Quédillac,Quedillac,ILLE-ET-VILAINE,48.247682,-2.144439,,
87615328,Rabastens-Couffouleux,Coufouleux,TARN,43.820452,1.732505,,
87182717,Raedersheim,Raedersheim,HAUT-RHIN,47.887085,7.284061,,
87444620,Rai-Aube,Rai,ORNE,48.743765,0.554072,,
87393314,Rambouillet,Rambouillet,YVELINES,48.643247,1.831274,,
87718338,Ranchot,Ranchot,JURA,47.152656,5.724747,,
87317057,Rang-du-Fliers-Verton,Rang-Du-Fliers,PAS-DE-CALAIS,50.413237,1.649022,,
87182402,Ranspach,Ranspach,HAUT-RHIN,47.881625,7.012647,,
87144626,Raon-l'Étape,Raon-L'Etape,VOSGES,48.403722,6.836882,,
87753426,Rassuen,Istres,BOUCHES-DU-RHONE,43.496797,4.972963,,
87144105,Raves-Ban-de-Laveline,Raves,VOSGES,48.265699,7.037622,,
87595223,Razac,Razac-Sur-L'Isle,DORDOGNE,45.166062,0.599373,,
87295022,Recquignies,Recquignies,NORD,50.283899,4.043088,,
87471300,Redon,Redon,ILLE-ET-VILAINE,47.651785,-2.088522,,
87213249,Reichshoffen-Ville,Reichshoffen,BAS-RHIN,48.93069,7.657963,,
87571455,Reignac,Reignac-Sur-Indre,INDRE-ET-LOIRE,47.217794,0.901298,,
87746511,Reignier,Reignier-Esery,HAUTE-SAVOIE,46.125591,6.26739,,
87171009,Reims,Reims,MARNE,49.259468,4.024435,46,Paris Gare de l'Est
87171272,Reims-Maison-Blanche,Reims,MARNE,49.233416,4.022706,,
87144451,Remiremont,Remiremont,VOSGES,48.016861,6.598309,,
87281451,Renescure,Renescure,NORD,50.731995,2.371596,,
87471003,Rennes,Rennes,ILLE-ET-VILAINE,48.103377,-1.670825,98,Paris Montparnasse
87172270,Rethel,Rethel,ARDENNES,49.504652,4.370293,,
87471359,Retiers,Retiers,ILLE-ET-VILAINE,47.913272,-1.389795,,
87734749,Retournac,Retournac,HAUTE-LOIRE,45.201299,4.037085,,
87597039,Reuilly,Reuilly,INDRE,47.087859,2.047161,,
87175018,Revigny,Revigny-Sur-Ornain,MEUSE,48.82404,4.985886,,
87172080,Revin,Revin,ARDENNES,49.939431,4.642918,,
87481036,Rezé-Pont-Rousseau,Reze,LOIRE-ATLANTIQUE,47.193335,-1.549492,,
87784660,Ria,Ria-Sirach,PYRENEES-ORIENTALES,42.605619,2.398465,,
87276766,Ribécourt,Ribecourt-Dreslincourt,OISE,49.505963,2.926906,,
87213462,Riedseltz,Riedseltz,BAS-RHIN,48.990658,7.963037,,
87276352,Rieux-Angicourt,Rieux,OISE,49.297808,2.519769,,
87171595,Rilly-la-Montagne,Rilly-La-Montagne,MARNE,49.166479,4.040906,,
87734053,Riom-Châtel-Guyon,Riom,PUY-DE-DOME,45.889796,3.120955,,
87681338,Ris-Orangis,Ris-Orangis,ESSONNE,48.65929,2.414413,,
87571653,Rivarennes,Rivarennes,INDRE-ET-LOIRE,47.267793,0.362495,,
87726331,Rive-de-Gier,Rive-De-Gier,LOIRE,45.523653,4.603923,,
87747246,Rives,Rives,ISERE,45.3577,5.491694,,
87784173,Rivesaltes,Rivesaltes,PYRENEES-ORIENTALES,42.766341,2.867751,,
87182071,Rixheim,Rixheim,HAUT-RHIN,47.751265,7.399543,,
87726802,Roanne,Roanne,LOIRE,46.041266,4.062065,,
87613042,Rocamadour-Padirac,Rocamadour,LOT,44.81824,1.657444,,
87718403,Roche-lez-Beaupré,Roche-Lez-Beaupre,DOUBS,47.276177,6.110782,,
87485144,Rochefort,Rochefort,CHARENTE-MARITIME,45.947827,-0.961942,,
87313601,Rochy-Condé,Rochy-Conde,OISE,49.398364,2.172724,,
87613422,Rodez,Rodez,AVEYRON,44.362653,2.580265,,
87212407,Roeschwoog,Rœschwoog,BAS-RHIN,48.833651,8.029856,,
87342089,Roeux,Rœux,PAS-DE-CALAIS,50.3036,2.894848,,
87753251,Rognac,Rognac,BOUCHES-DU-RHONE,43.484381,5.230883,,
87271460,Roissy-Aéroport-Charles-de-Gaulle 1,Tremblay-En-France,SEINE-SAINT-DENIS,49.009525,2.559259,,
87001479,Roissy-Aéroport-Charles-de-Gaulle 2-TGV (RER),Le Mesnil-Amelot,SEINE-ET-MARNE,49.004136,2.570764,,
87748822,Roissy-CDGX 2,Tremblay-En-France,SEINE-ET-MARNE,49.003041,2.570963,,
87116038,Roissy-en-Brie,Roissy-En-Brie,SEINE-ET-MARNE,48.795521,2.650781,,
87413740,Rolleville,Rolleville,SEINE-MARITIME,49.581685,0.216148,,
87761650,Romans-Bourg-de-Péage,Romans-Sur-Isere,DROME,45.048994,5.049639,,
87725739,Romanèche-Thorins,Lancie,RHONE,46.175326,4.741848,,
87191734,Rombas-Clouange,Rombas,MOSELLE,49.255984,6.099225,,
87387175,Romilly-la-Puthenaye,Collandres-Quincarnon,EURE,49.003113,0.856389,,
87118158,Romilly-sur-Seine,Romilly-Sur-Seine,AUBE,48.513781,3.728971,,
87576025,Romorantin (Voie étroite),Romorantin-Lanthenay,LOIR-ET-CHER,47.356248,1.739118,,
87185314,Ronchamp,Ronchamp,HAUTE-SAONE,47.699376,6.624446,,
87286534,Ronchin,Ronchin,NORD,50.604456,3.078444,,
87212415,Roppenheim,Beinheim,BAS-RHIN,48.851227,8.062359,,
87615351,Roquesérière,Buzet-Sur-Tarn,HAUTE-GARONNE,43.751387,1.620335,,
87654798,Rosa Parks,Paris,PARIS,48.897563,2.37952,,
87474635,Roscoff,Roscoff,FINISTERE,48.720649,-3.982836,,
87214320,Rosheim,Rosheim,BAS-RHIN,48.50521,7.491321,,
87313460,Rosières,Rosieres-En-Santerre,SOMME,49.822757,2.711239,,
87141127,Rosières-aux-Salines,Dombasle-Sur-Meurthe,MEURTHE-ET-MOSELLE,48.60534,6.350396,,
87113696,Rosny-Bois-Perrier,Rosny-Sous-Bois,SEINE-SAINT-DENIS,48.882465,2.481492,,
87113704,Rosny-sous-Bois,Rosny-Sous-Bois,SEINE-SAINT-DENIS,48.870493,2.48605,,
87415885,Rosny-sur-Seine,Rosny-Sur-Seine,YVELINES,48.997733,1.629129,,
87474155,Rosporden,Rosporden,FINISTERE,47.960448,-3.832796,,
87286567,Rosult,Rosult,NORD,50.45656,3.347907,,
87214726,Rothau,Rothau,BAS-RHIN,48.459223,7.207432,,
87286732,Roubaix,Roubaix,NORD,50.695973,3.16327,,
87411017,Rouen-Rive-Droite,Rouen,SEINE-MARITIME,49.449289,1.093184,,
87396259,Rouessé-Vassé,Rouesse-Vasse,SARTHE,48.160626,-0.1991,,
87182337,Rouffach,Rouffach,HAUT-RHIN,47.960201,7.312647,,
87485532,Rouillé,Rouille,VIENNE,46.41875,0.041896,,
87583468,Roumazières-Loubert,Terres-De-Haute-Charente,CHARENTE,45.889354,0.578811,,
87212373,Rountzenheim,Rountzenheim-Auenheim,BAS-RHIN,48.820446,8.011782,,
87491803,Royan,Royan,CHARENTE-MARITIME,45.62566,-1.016561,,
87734038,Royat-Chamalières,Chamalieres,PUY-DE-DOME,45.767738,3.061642,,
87144311,Rozières-sur-Mouzon,Rozieres-Sur-Mouzon,VOSGES,48.120908,5.705525,,
87317404,Rue,Rue,SOMME,50.271509,1.67685,,
87583203,Ruelle,Ruelle-Sur-Touvre,CHARENTE,45.676345,0.221343,,
87583849,Ruffec,Ruffec,CHARENTE,46.030631,0.19019,,
87713826,Ruffey,Ruffey-Les-Echirey,COTE-D'OR,47.370489,5.079176,,
87712026,Rully,Rully,SAONE-ET-LOIRE,46.880235,4.761062,,
87746149,Rumilly,Rumilly,HAUTE-SAVOIE,45.862896,5.948157,,
87287300,Ruminghem,Ruminghem,PAS-DE-CALAIS,50.8616,2.158973,,
87546291,Rungis-la-Fraternelle,Rungis,VAL-DE-MARNE,48.74044,2.352899,,
87214684,Russ-Hersbach,Wisches,BAS-RHIN,48.498142,7.251693,,
87747279,Réaumont-St-Cassien,Reaumont,ISERE,45.368852,5.535045,,
87215079,Réding,Reding,MOSELLE,48.742776,7.095066,,
87721050,Régny,Regny,LOIRE,45.987627,4.215338,,
87193623,Rémelfing,Remelfing,MOSELLE,49.091409,7.091855,,
87192237,Rémilly,Remilly,MOSELLE,49.0148,6.394501,,
87313403,Rémy,Remy,OISE,49.433173,2.70575,,
87214783,Saales,Saales,BAS-RHIN,48.347295,7.110881,,
87396408,Sablé-sur-Sarthe,Sable-Sur-Sarthe,SARTHE,47.841863,-0.342212,,
87784835,Saillagouse,Saillagouse,PYRENEES-ORIENTALES,42.45674,2.032188,,
87761817,Saillans,Saillans,DROME,44.694431,5.194784,,
87592717,Saillat-Chassenon,Saillat-Sur-Vienne,HAUTE-VIENNE,45.86954,0.811742,,
87721605,Sain-Bel,Sain-Bel,RHONE,45.811318,4.601697,,
87696260,Saincaize,Saincaize-Meauce,NIEVRE,46.932146,3.07147,,
87295709,Sains-du-Nord,Sains-Du-Nord,NORD,50.088785,4.001514,,
87742320,Saint-Jean-de-Maurienne,Saint-Jean-De-Maurienne,SAVOIE,45.278833,6.353398,,
87491001,Saintes,Saintes,CHARENTE-MARITIME,45.74784,-0.617588,,
87543165,Salbris,Salbris,LOIR-ET-CHER,47.426513,2.047181,,
87746438,Sallanches-Combloux-Megève,Sallanches,HAUTE-SAVOIE,45.935778,6.636499,,
87345215,Sallaumines,Sallaumines,PAS-DE-CALAIS,50.417577,2.853313,,
87613877,Salles-Courbatiès,Salles-Courbaties,AVEYRON,44.475664,2.079314,,
87342451,Salomé,Salome,NORD,50.54154,2.836868,,
87753764,Salon,Salon-De-Provence,BOUCHES-DU-RHONE,43.63904,5.088449,,
87784157,Salses,Salses-Le-Chateau,PYRENEES-ORIENTALES,42.835565,2.917413,,
87618710,Saléchan-Siradan,Salechan,HAUTES-PYRENEES,42.958878,0.633294,,
87276188,Sannois,Sannois,VAL-D'OISE,48.970346,2.263984,,
87192229,Sanry-sur-Nied,Sanry-Sur-Nied,MOSELLE,49.044624,6.3399,,
87713594,Santenay-les-Bains,Santenay,COTE-D'OR,46.910734,4.70178,,
87286401,Santes,Santes,NORD,50.59175,2.962246,,
87381186,Santeuil-Le Perchay,Santeuil,VAL-D'OISE,49.123906,1.949167,,
87276386,Sarcelles-St-Brice,Saint-Brice-Sous-Foret,VAL-D'OISE,48.995101,2.368454,,
87595827,Sarlat,Sarlat-La-Caneda,DORDOGNE,44.877475,1.218474,,
87734152,Sarliève-Cournon,Cournon-D'Auvergne,PUY-DE-DOME,45.73875,3.167945,,
87193714,Sarralbe,Sarralbe,MOSELLE,49.00078,7.036304,,
87672766,Sarrance,Sarrance,PYRENEES-ATLANTIQUES,43.049722,-0.599725,,
87215459,Sarre-Union,Sarre-Union,BAS-RHIN,48.935861,7.084947,,
87215012,Sarrebourg,Sarrebourg,MOSELLE,48.738392,7.051536,,
87193615,Sarreguemines,Sarreguemines,MOSELLE,49.106758,7.06867,,
87193631,Sarreinsming,Sarreinsming,MOSELLE,49.08611,7.112128,,
87386417,Sartrouville,Sartrouville,YVELINES,48.937252,2.157549,,
87723700,Sathonay-Rillieux,Rillieux-La-Pape,RHONE,45.819697,4.875347,,
87673251,Saubusse-les-Bains,Saubusse,LANDES,43.660352,-1.18937,,
87491811,Saujon,Saujon,CHARENTE-MARITIME,45.66696,-0.93042,,
87713628,Saulon,Saulon-La-Chapelle,COTE-D'OR,47.224497,5.103953,,
87214759,Saulxures,Colroy-La-Roche,BAS-RHIN,48.389842,7.148134,,
87487603,Saumur,Saumur,MAINE-ET-LOIRE,47.269785,-0.073041,,
87753558,Sausset-les-Pins,Sausset-Les-Pins,BOUCHES-DU-RHONE,43.332982,5.110071,,
87784777,Sauto,Sauto,PYRENEES-ORIENTALES,42.506179,2.159738,,
87586495,Sauveterre-la-Lémance,Sauveterre-La-Lemance,LOT-ET-GARONNE,44.589476,1.011585,,
87481838,Savenay,Savenay,LOIRE-ATLANTIQUE,47.358504,-1.951381,,
87484329,Savennières-Béhuard,Savennieres,MAINE-ET-LOIRE,47.381511,-0.654561,,
87611368,Saverdun,Saverdun,ARIEGE,43.239379,1.570694,,
87212225,Saverne,Saverne,BAS-RHIN,48.744473,7.360884,,
87682187,Savigny-le-Temple-Nandy,Savigny-Le-Temple,SEINE-ET-MARNE,48.597097,2.583497,,
87545236,Savigny-sur-Orge,Savigny-Sur-Orge,ESSONNE,48.674402,2.350639,,
87571844,Savonnières,Savonnieres,INDRE-ET-LOIRE,47.360637,0.544011,,
87342253,Savy-Berlette,Savy-Berlette,PAS-DE-CALAIS,50.353893,2.558109,,
87718502,Saône,Saone,DOUBS,47.209708,6.101561,,
87396317,Sceaux-Boësse,Boesse-Le-Sec,SARTHE,48.123217,0.57238,,
87214205,Scherwiller,Scherwiller,BAS-RHIN,48.286882,7.430588,,
87214692,Schirmeck-La Broque,Schirmeck,BAS-RHIN,48.480004,7.215942,,
87215483,Schopperten,Schopperten,BAS-RHIN,48.945922,7.055577,,
87213108,Schweighouse-sur-Moder,Schweighouse-Sur-Moder,BAS-RHIN,48.828788,7.742619,,
87212159,Schwindratzheim,Schwindratzheim,BAS-RHIN,48.753634,7.599464,,
87286518,Seclin,Seclin,NORD,50.548222,3.035183,,
87172254,Sedan,Sedan,ARDENNES,49.694929,4.930134,,
87576140,Selles-St-Denis,Selles-Saint-Denis,LOIR-ET-CHER,47.3885,1.922421,,
87576868,Selles-sur-Cher,Selles-Sur-Cher,LOIR-ET-CHER,47.281906,1.54674,,
87212431,Seltz,Seltz,BAS-RHIN,48.896706,8.098151,,
87725614,Sennecey-le-Grand,Sennecey-Le-Grand,SAONE-ET-LOIRE,46.639679,4.874812,,
87725671,Senozan,Senozan,SAONE-ET-LOIRE,46.390488,4.870129,,
87683003,Sens,Sens,YONNE,48.19882,3.267362,,
87171645,Sept-Saulx,Sept-Saulx,MARNE,49.151141,4.256984,,
87751800,Septèmes,Septemes-Les-Vallons,BOUCHES-DU-RHONE,43.403147,5.370042,,
87784702,Serdinya,Serdinya,PYRENEES-ORIENTALES,42.566982,2.323222,,
87545517,Sermaise,Sermaise,ESSONNE,48.53547,2.068712,,
87683722,Sermizelles-Vézelay,Givry,YONNE,47.528867,3.792895,,
87411470,Serqueux,Serqueux,SEINE-MARITIME,49.630629,1.539352,,
87444315,Serquigny,Serquigny,EURE,49.108354,0.721687,,
87763722,Serres,Serres,HAUTES-ALPES,44.424622,5.718303,,
87723791,Servas-Lent,Servas,AIN,46.13073,5.168057,,
87471532,Servon,Servon-Sur-Vilaine,ILLE-ET-VILAINE,48.112091,-1.462093,,
87746719,Servoz,Les Houches,HAUTE-SAVOIE,45.924504,6.763538,,
87212365,Sessenheim,Sessenheim,BAS-RHIN,48.796276,7.989404,,
87272039,Seugy,Seugy,VAL-D'OISE,49.118855,2.397905,,
87713677,Seurre,Seurre,COTE-D'OR,46.99639,5.151257,,
87271445,Sevran-Beaudottes,Sevran,SEINE-SAINT-DENIS,48.947247,2.524752,,
87271429,Sevran-Livry,Sevran,SEINE-SAINT-DENIS,48.936295,2.534789,,
87745828,Seyssel-Corbonod,Corbonod,AIN,45.963132,5.831263,,
87182105,Sierentz,Sierentz,HAUT-RHIN,47.656155,7.459421,,
87396234,Sillé-le-Guillaume,Sille-Le-Guillaume,SARTHE,48.181796,-0.12776,,
87743336,Simandre-sur-Suran,Simandre-Sur-Suran,AIN,46.22031,5.421273,,
87751438,Simiane,Simiane-Collongue,BOUCHES-DU-RHONE,43.434781,5.425892,,
87345405,Sin-le-Noble,Sin-Le-Noble,NORD,50.356545,3.112598,,
87595769,Siorac-en-Périgord,Siorac-En-Perigord,DORDOGNE,44.819967,0.987829,,
87751206,Sisteron,Sisteron,ALPES-DE-HAUTE-PROVENCE,44.19014,5.946776,,
87271817,Soissons,Soissons,AISNE,49.369047,3.338424,,
87592246,Solignac-Le Vigen,Le Vigen,HAUTE-VIENNE,45.756335,1.285338,,
87755330,Solliès-Pont,Sollies-Pont,VAR,43.192624,6.046675,,
87345314,Somain,Somain,NORD,50.354441,3.272942,,
87411462,Sommery,Sommery,SEINE-MARITIME,49.628969,1.436621,,
87765206,Sorgues-Châteauneuf-du-Pape,Sorgues,VAUCLUSE,44.004225,4.875291,,
87756825,Sospel,Sospel,ALPES-MARITIMES,43.876483,7.45389,,
87411223,Sotteville,Sotteville-Les-Rouen,SEINE-MARITIME,49.413255,1.10227,,
87594333,Souillac,Souillac,LOT,44.902453,1.465179,,
87581371,Soulac-sur-Mer,Soulac-Sur-Mer,GIRONDE,45.50797,-1.117391,,
87213421,Soultz-sous-Forêts,Soultz-Sous-Forets,BAS-RHIN,48.934543,7.882364,,
87684217,Souppes-Château-Landon,Souppes-Sur-Loing,SEINE-ET-MARNE,48.181785,2.735014,,
87295543,Sous-le-Bois,Maubeuge,NORD,50.265563,3.938666,,
87694851,St-Agnan,Saint-Agnan,SAONE-ET-LOIRE,46.50146,3.879208,,
87611301,St-Agne,Toulouse,HAUTE-GARONNE,43.579183,1.449444,,
87574897,St-Aignan-Noyers,Noyers-Sur-Cher,LOIR-ET-CHER,47.286619,1.384539,,
87584540,St-Aigulin-La Roche-Chalais,Saint-Aigulin,CHARENTE-MARITIME,45.156749,-0.019104,,
87576322,St-Amand-Montrond-Orval,Orval,CHER,46.726432,2.485791,,
87574640,St-Amand-de-Vendôme,Saint-Amand-Longpre,LOIR-ET-CHER,47.693036,1.011974,,
87343103,St-Amand-les-Eaux,Saint-Amand-Les-Eaux,NORD,50.444192,3.416602,,
87182600,St-Amarin,Saint-Amarin,HAUT-RHIN,47.872801,7.028771,,
87718296,St-Amour,Saint-Amour,JURA,46.433313,5.334161,,
87286195,St-André,Saint-Andre-Lez-Lille,NORD,50.654411,3.047302,,
87723734,St-André-de-Corcy,Saint-Andre-De-Corcy,AIN,45.925982,4.948708,,
87491241,St-André-de-Cubzac,Saint-Andre-De-Cubzac,GIRONDE,44.991227,-0.438443,,
87723494,St-André-le-Gaz,Saint-Andre-Le-Gaz,ISERE,45.54439,5.524525,,
87751826,St-Antoine (MR),Marseille,BOUCHES-DU-RHONE,43.369323,5.358059,,
87584201,St-Antoine-de-Breuilh,Saint-Antoine-De-Breuilh,DORDOGNE,44.846694,0.151864,,
87571539,St-Antoine-du-Rocher,Saint-Antoine-Du-Rocher,INDRE-ET-LOIRE,47.504617,0.616127,,
87471318,St-Armel,Saint-Armel,ILLE-ET-VILAINE,48.01416,-1.594855,,
87595249,St-Astier,Saint-Astier,DORDOGNE,45.138963,0.523128,,
87394213,St-Aubin-St-Luperce,Saint-Aubin-Des-Bois,EURE-ET-LOIR,48.447454,1.333003,,
87415125,St-Aubin-sur-Scie,Saint-Aubin-Sur-Scie,SEINE-MARITIME,49.869831,1.066743,,
87594622,St-Aulaire,Saint-Aulaire,CORREZE,45.249143,1.398597,,
87773465,St-Aunès,Saint-Aunes,HERAULT,43.635394,3.963258,,
87193318,St-Avold,Valmont,MOSELLE,49.085757,6.720846,,
87741306,St-Avre-la-Chambre,Saint-Avre,SAVOIE,45.353632,6.301617,,
87574129,St-Ay,Saint-Ay,LOIRET,47.863047,1.749766,,
87214742,St-Blaise-la-Roche-Poutay,Saint-Blaise-La-Roche,BAS-RHIN,48.407715,7.165571,,
87641076,St-Bonnet-de-Rochefort,Saint-Bonnet-De-Rochefort,ALLIER,46.148424,3.139628,,
87592691,St-Brice-sur-Vienne,Saint-Brice-Sur-Vienne,HAUTE-VIENNE,45.878117,0.952253,,
87473009,St-Brieuc,Saint-Brieuc,COTES-D'ARMOR,48.507078,-2.764001,,
87741454,St-Béron-La Bridoire,Saint-Beron,SAVOIE,45.503995,5.731809,,
87753202,St-Chamas,Saint-Chamas,BOUCHES-DU-RHONE,43.54921,5.041769,,
87726307,St-Chamond,Saint-Chamond,LOIRE,45.47149,4.514574,,
87613257,St-Christophe,Saint-Christophe-Vallon,AVEYRON,44.464788,2.407482,,
87783241,St-Chély-d'Apcher,Saint-Chely-D'Apcher,LOZERE,44.788434,3.272571,,
87545509,St-Chéron,Saint-Cheron,ESSONNE,48.551092,2.125736,,
87722652,St-Clair-les-Roches,Saint-Clair-Du-Rhone,ISERE,45.449297,4.768972,,
87743633,St-Claude,Saint-Claude,JURA,46.389929,5.860136,,
87382358,St-Cloud,Saint-Cloud,HAUTS-DE-SEINE,48.845115,2.21717,,
87141374,St-Clément-Laronxe,Saint-Clement,MEURTHE-ET-MOSELLE,48.531306,6.608243,,
87446179,St-Cyprien-Arènes,Toulouse,HAUTE-GARONNE,43.593926,1.41648,,
87595777,St-Cyprien-en-Dordogne,Saint-Cyprien,DORDOGNE,44.863326,1.043594,,
87393223,St-Cyr,Saint-Cyr-L'Ecole,YVELINES,48.798855,2.073118,,
87543116,St-Cyr-en-Val-La Source,Saint-Cyr-En-Val,LOIRET,47.819597,1.947598,,
87755215,St-Cyr-les-Lècques-La Cadière,Saint-Cyr-Sur-Mer,VAR,43.185296,5.704161,,
87775072,St-Césaire,Nimes,GARD,43.813546,4.327964,,
87756866,St-Dalmas-de-Tende,Tende,ALPES-MARITIMES,44.056501,7.585771,,
87271015,St-Denis,Saint-Denis,SEINE-SAINT-DENIS,48.935112,2.345561,,
87584508,St-Denis-de-Pile,Saint-Denis-De-Pile,GIRONDE,44.978107,-0.198339,,
87592097,St-Denis-des-Murs,Saint-Denis-Des-Murs,HAUTE-VIENNE,45.789077,1.551115,,
87594572,St-Denis-près-Martel,Saint-Denis-Les-Martel,LOT,44.945718,1.666496,,
87175000,St-Dizier,Saint-Dizier,HAUTE-MARNE,48.641754,4.951079,,
87144014,St-Dié-des-Vosges,Saint-Die-Des-Vosges,VOSGES,48.282115,6.947199,,
87171751,St-Erme,Saint-Erme-Outre-Et-Ramecourt,AISNE,49.526756,3.857621,,
87682542,St-Fargeau,Saint-Fargeau-Ponthierry,SEINE-ET-MARNE,48.564574,2.542705,,
87576272,St-Florent-sur-Cher,Saint-Florent-Sur-Cher,CHER,46.993033,2.252712,,
87683318,St-Florentin-Vergigny,Vergigny,YONNE,47.980898,3.730869,,
87783175,St-Flour-Chaudes-Aigues,Saint-Georges,CANTAL,45.034306,3.123274,,
87728501,St-Fons,Saint-Fons,RHONE,45.704789,4.852727,,
87784520,St-Féliu-d'Avall,Saint-Feliu-D'Avall,PYRENEES-ORIENTALES,42.675348,2.746041,,
87611137,St-Gaudens,Saint-Gaudens,HAUTE-GARONNE,43.104355,0.727653,,
87775361,St-Geniès-de-Malgoirès,Saint-Genies-De-Malgoires,GARD,43.950116,4.214922,,
87571851,St-Genouph,Saint-Genouph,INDRE-ET-LOIRE,47.370919,0.596981,,
87734301,St-Georges-d'Aurac,Mazeyrat-D'Allier,HAUTE-LOIRE,45.160474,3.494735,,
87747568,St-Georges-de-Commiers,Saint-Georges-De-Commiers,ISERE,45.043984,5.701691,,
87783423,St-Georges-de-Luzençon,Saint-Georges-De-Luzencon,AVEYRON,44.053222,2.979847,,
87721340,St-Georges-de-Reneins,Saint-Georges-De-Reneins,RHONE,46.061091,4.718564,,
87673269,St-Geours,Saint-Geours-De-Maremne,LANDES,43.671021,-1.240235,,
87393520,St-Germain-St-Rémy,Saint-Germain-Sur-Avre,EURE-ET-LOIR,48.758915,1.256292,,
87721282,St-Germain-au-Mont-d'Or,Saint-Germain-Au-Mont-D'Or,RHONE,45.887726,4.805312,,
87732206,St-Germain-des-Fossés,Saint-Germain-Des-Fosses,ALLIER,46.21045,3.428458,,
87576405,St-Germain-du-Puy,Saint-Germain-Du-Puy,CHER,47.096447,2.484637,,
87592287,St-Germain-les-Belles,Saint-Germain-Les-Belles,HAUTE-VIENNE,45.609697,1.479803,,
87478016,St-Germain-sur-Ille,Saint-Germain-Sur-Ille,ILLE-ET-VILAINE,48.239215,-1.653786,,
87746479,St-Gervais-les-Bains-Le Fayet,Saint-Gervais-Les-Bains,HAUTE-SAVOIE,45.906948,6.702238,,
87476762,St-Gildas-des-Bois,Saint-Gildas-Des-Bois,LOIRE-ATLANTIQUE,47.516435,-2.044122,,
87181552,St-Gilles,Wintzenheim,HAUT-RHIN,48.075937,7.261259,,
87486571,St-Gilles-Croix-de-Vie,Saint-Gilles-Croix-De-Vie,VENDEE,46.696492,-1.94161,,
87276170,St-Gratien,Saint-Gratien,VAL-D'OISE,48.963878,2.285157,,
87297531,St-Hilaire,Saint-Hilaire-Sur-Helpe,NORD,50.132232,3.913123,,
87491324,St-Hilaire-Brizambourg,Saint-Hilaire-De-Villefranche,CHARENTE-MARITIME,45.852003,-0.535137,,
87761684,St-Hilaire-St-Nazaire,Saint-Hilaire-Du-Rosier,ISERE,45.071524,5.243961,,
87481234,St-Hilaire-de-Chaléons,Saint-Hilaire-De-Chaleons,LOIRE-ATLANTIQUE,47.106326,-1.866929,,
87486563,St-Hilaire-de-Riez,Saint-Hilaire-De-Riez,VENDEE,46.716638,-1.949564,,
87471052,St-Jacques-de-la-Lande,Saint-Jacques-De-La-Lande,ILLE-ET-VILAINE,48.067573,-1.713745,,
87673723,St-Jean-Pied-de-Port,Saint-Jean-Pied-De-Port,PYRENEES-ATLANTIQUES,43.168113,-1.238622,,
87491357,St-Jean-d'Angély,Saint-Jean-D'Angely,CHARENTE-MARITIME,45.94263,-0.510221,,
87713651,St-Jean-de-Losne,Saint-Usage,COTE-D'OR,47.099933,5.24389,,
87677120,St-Jean-de-Luz-Ciboure,Saint-Jean-De-Luz,PYRENEES-ATLANTIQUES,43.385915,-1.66027,,
87611624,St-Jean-de-Verges,Crampagna,ARIEGE,43.012207,1.608079,,
87726851,St-Jodard,Saint-Jodard,LOIRE,45.887558,4.126727,,
87611657,St-Jory,Saint-Jory,HAUTE-GARONNE,43.741231,1.368648,,
87759316,St-Joseph-Le Castellas,Marseille,BOUCHES-DU-RHONE,43.351959,5.37737,,
87713834,St-Julien-Clénay,Saint-Julien,COTE-D'OR,47.405732,5.128141,,
87683227,St-Julien-du-Sault,Saint-Julien-Du-Sault,YONNE,48.027905,3.303711,,
87745430,St-Julien-en-Genevois,Saint-Julien-En-Genevois,HAUTE-SAVOIE,46.141913,6.085474,,
87592709,St-Junien,Saint-Junien,HAUTE-VIENNE,45.881379,0.900405,,
87313270,St-Just-en-Chaussée,Saint-Just-En-Chaussee,OISE,49.503555,2.429215,,
87715417,St-Laurent (Jura),Saint-Laurent-En-Grandvaux,JURA,46.574766,5.951141,,
87413310,St-Laurent-Gainneville,Saint-Laurent-De-Brevedent,SEINE-MARITIME,49.528984,0.253114,,
87775841,St-Laurent-d'Aigouze,Saint-Laurent-D'Aigouze,GARD,43.639145,4.19301,,
87485136,St-Laurent-de-la-Prée,Saint-Laurent-De-La-Pree,CHARENTE-MARITIME,45.991973,-1.026189,,
87756346,St-Laurent-du-Var,Saint-Laurent-Du-Var,ALPES-MARITIMES,43.662414,7.194782,,
87276402,St-Leu-d'Esserent,Saint-Leu-D'Esserent,OISE,49.214433,2.418272,,
87276600,St-Leu-la-Forêt,Saint-Leu-La-Foret,VAL-D'OISE,49.01541,2.242717,,
87718197,St-Lothain,Saint-Lothain,JURA,46.823107,5.64381,,
87584730,St-Loubès,Saint-Loubes,GIRONDE,44.922159,-0.432355,,
87182139,St-Louis,Saint-Louis,HAUT-RHIN,47.590269,7.554862,,
87181016,St-Louis-la-Chaussée,Saint-Louis,HAUT-RHIN,47.609532,7.531044,,
87694364,St-Léger-sur-Dheune,Saint-Leger-Sur-Dheune,SAONE-ET-LOIRE,46.848425,4.628442,,
87595264,St-Léon-sur-l'Isle,Saint-Leon-Sur-L'Isle,DORDOGNE,45.123255,0.492394,,
87592071,St-Léonard-de-Noblat,Saint-Leonard-De-Noblat,HAUTE-VIENNE,45.832151,1.481633,,
87447003,St-Lô,Saint-Lo,MANCHE,49.116739,-1.100229,,
87582825,St-Macaire,Saint-Macaire,GIRONDE,44.568508,-0.226971,,
87485490,St-Maixent-l'Ecole,Saint-Maixent-L'Ecole,DEUX-SEVRES,46.40649,-0.201124,,
87478107,St-Malo,Saint-Malo,ILLE-ET-VILAINE,48.646468,-2.003739,159,Paris Montparnasse
87682294,St-Mammès,Saint-Mammes,SEINE-ET-MARNE,48.381555,2.814481,,
87751701,St-Marcel,Marseille,BOUCHES-DU-RHONE,43.288307,5.467187,,
87723742,St-Marcel-en-Dombes,Saint-Marcel,AIN,45.950614,4.977987,,
87761718,St-Marcellin,Saint-Marcellin,ISERE,45.150871,5.323837,,
87491209,St-Mariens-St-Yzan,Saint-Yzan-De-Soudiac,GIRONDE,45.140356,-0.391862,,
87396283,St-Mars-la-Brière,Saint-Mars-La-Briere,SARTHE,48.029036,0.366966,,
87671495,St-Martin-d'Oney,Saint-Martin-D'Oney,LANDES,43.930059,-0.65169,,
87545350,St-Martin-d'Étampes,Etampes,ESSONNE,48.427387,2.145309,,
87753681,St-Martin-de-Crau,Saint-Martin-De-Crau,BOUCHES-DU-RHONE,43.621559,4.803143,,
87743112,St-Martin-du-Mont,Saint-Martin-Du-Mont,AIN,46.095917,5.303154,,
87353599,St-Martin-du-Touch,Toulouse,HAUTE-GARONNE,43.59986,1.371418,,
87411413,St-Martin-du-Vivier,Saint-Martin-Du-Vivier,SEINE-MARITIME,49.471108,1.161834,,
87574459,St-Martin-le-Beau,Saint-Martin-Le-Beau,INDRE-ET-LOIRE,47.355044,0.905954,,
87611103,St-Martory,Saint-Martory,HAUTE-GARONNE,43.138122,0.932022,,
87487892,St-Mathurin,Loire-Authion,MAINE-ET-LOIRE,47.412217,-0.31808,,
87723536,St-Maurice-de-Beynost,Saint-Maurice-De-Beynost,AIN,45.82726,4.976804,,
87547315,St-Michel-Notre-Dame,Paris,PARIS,48.853002,2.346963,,
87742361,St-Michel-Valloire,Saint-Michel-De-Maurienne,SAVOIE,45.217545,6.470071,,
87144683,St-Michel-sur-Meurthe,Saint-Michel-Sur-Meurthe,VOSGES,48.3268,6.888282,,
87545202,St-Michel-sur-Orge,Saint-Michel-Sur-Orge,ESSONNE,48.633888,2.307112,,
87582692,St-Médard-d'Eyrans,Saint-Medard-D'Eyrans,GIRONDE,44.715684,-0.504316,,
87584607,St-Médard-de-Guizières,Saint-Medard-De-Guizieres,GIRONDE,45.01551,-0.048396,,
87478024,St-Médard-sur-Ille,Saint-Medard-Sur-Ille,ILLE-ET-VILAINE,48.273837,-1.667194,,
87146217,St-Nabord,Saint-Nabord,VOSGES,48.045692,6.58141,,
87481705,St-Nazaire,Saint-Nazaire,LOIRE-ATLANTIQUE,47.286746,-2.211029,,
87382481,St-Nom-la-Bretêche-Forêt-de-Marly,L'Etang-La-Ville,YVELINES,48.866635,2.050734,,
87733071,St-Nom-la-Bretêche-Forêt-de-Marly TT,L'Etang-La-Ville,YVELINES,48.867675,2.051144,,
87281444,St-Omer,Saint-Omer,PAS-DE-CALAIS,50.754217,2.266495,,
87313718,St-Omer-en-Chaussée,Saint-Omer-En-Chaussee,OISE,49.52921,1.996399,,
87271247,St-Ouen,Saint-Ouen-Sur-Seine,SEINE-SAINT-DENIS,48.905247,2.322512,,
87276105,St-Ouen-l'Aumône,Saint-Ouen-L'Aumone,VAL-D'OISE,49.045426,2.107668,,
87337980,St-Ouen-l'Aumône-Liesse,Saint-Ouen-L'Aumone,VAL-D'OISE,49.033893,2.128453,,
87381426,St-Ouen-l'Aumône-Église,Saint-Ouen-L'Aumone,VAL-D'OISE,49.039176,2.103597,,
87571554,St-Paterne,Saint-Paterne-Racan,INDRE-ET-LOIRE,47.604864,0.477851,,
87571810,St-Patrice,Coteaux-Sur-Loire,INDRE-ET-LOIRE,47.285566,0.309835,,
87723783,St-Paul-de-Varax,Saint-Paul-De-Varax,AIN,46.100119,5.128116,,
87394148,St-Piat,Saint-Piat,EURE-ET-LOIR,48.542808,1.590209,,
87476440,St-Pierre-Quiberon,Saint-Pierre-Quiberon,MORBIHAN,47.520949,-3.138707,,
87741223,St-Pierre-d'Albigny,Saint-Pierre-D'Albigny,SAVOIE,45.556735,6.154336,,
87582833,St-Pierre-d'Aurillac,Saint-Pierre-D'Aurillac,GIRONDE,44.575219,-0.187548,,
87595520,St-Pierre-de-Chignac,Saint-Pierre-De-Chignac,DORDOGNE,45.123471,0.857081,,
87571240,St-Pierre-des-Corps,Saint-Pierre-Des-Corps,INDRE-ET-LOIRE,47.385858,0.725129,65,Paris Montparnasse
87746313,St-Pierre-en-Faucigny,Saint-Pierre-En-Faucigny,HAUTE-SAVOIE,46.059221,6.375818,,
87478768,St-Pierre-la-Cour,Saint-Pierre-La-Cour,MAYENNE,48.113858,-1.024229,,
87696294,St-Pierre-le-Moûtier,Saint-Pierre-Le-Moutier,NIEVRE,46.795944,3.111832,,
87444216,St-Pierre-sur-Dives,Saint-Pierre-En-Auge,CALVADOS,49.023062,-0.040803,,
87474569,St-Pol-de-Léon,Saint-Pol-De-Leon,FINISTERE,48.676823,-3.987357,,
87342337,St-Pol-sur-Ternoise,Saint-Pol-Sur-Ternoise,PAS-DE-CALAIS,50.378551,2.341362,,
87723353,St-Priest,Saint-Priest,RHONE,45.686433,4.93449,,
87592055,St-Priest-Taurion,Saint-Priest-Taurion,HAUTE-VIENNE,45.887222,1.40067,,
87671362,St-Pé-de-Bigorre,Saint-Pe-De-Bigorre,HAUTES-PYRENEES,43.10174,-0.162659,,
87761494,St-Péray,Saint-Peray,ARDECHE,44.947843,4.850548,,
87296004,St-Quentin,Saint-Quentin,AISNE,49.839501,3.296472,,
87723387,St-Quentin-Fallavier,Saint-Quentin-Fallavier,ISERE,45.638166,5.100244,,
87393843,St-Quentin-en-Yvelines,Montigny-Le-Bretonneux,YVELINES,48.787263,2.044158,,
87761106,St-Rambert-d'Albon,Saint-Rambert-D'Albon,DROME,45.297928,4.81054,,
87743740,St-Rambert-en-Bugey,Saint-Rambert-En-Bugey,AIN,45.947525,5.439243,,
87757526,St-Raphaël-Valescure,Saint-Raphael,VAR,43.423389,6.769507,,
87313288,St-Remy-en-l'Eau,Saint-Remy-En-L'Eau,OISE,49.468223,2.425906,,
87313080,St-Roch (Somme),Amiens,SOMME,49.893141,2.28347,,
87721456,St-Romain-de-Popey,Saint-Romain-De-Popey,RHONE,45.861683,4.542329,,
87726430,St-Romain-le-Puy,Saint-Romain-Le-Puy,LOIRE,45.554415,4.120823,,
87783431,St-Rome-de-Cernon,Saint-Rome-De-Cernon,AVEYRON,44.001321,2.969045,,
87765438,St-Saturnin-d'Avignon,Saint-Saturnin-Les-Avignon,VAUCLUSE,43.953115,4.935188,,
87491035,St-Savinien-sur-Charente,Saint-Savinien,CHARENTE-MARITIME,45.874661,-0.677594,,
87575365,St-Saviol,Saint-Saviol,VIENNE,46.147019,0.217825,,
87471169,St-Senoux-Pléchâtel,Saint-Senoux,ILLE-ET-VILAINE,47.897877,-1.766135,,
87584615,St-Seurin-sur-l'Isle,Saint-Seurin-Sur-L'Isle,GIRONDE,45.011306,-0.001941,,
87447714,St-Sever,Noues De Sienne,CALVADOS,48.843562,-1.050378,,
87615344,St-Sulpice,Saint-Sulpice-La-Pointe,TARN,43.776358,1.682131,,
87313684,St-Sulpice-Auteuil,Saint-Sulpice,OISE,49.346681,2.116367,,
87584722,St-Sulpice-Izon,Saint-Sulpice-Et-Cameyrac,GIRONDE,44.914015,-0.390542,,
87592345,St-Sulpice-Laurière,Saint-Sulpice-Lauriere,HAUTE-VIENNE,46.047197,1.475175,,
87694174,St-Symphorien-de-Marmagne,Saint-Symphorien-De-Marmagne,SAONE-ET-LOIRE,46.844398,4.337184,,
87592493,St-Sébastien,Saint-Sebastien,CREUSE,46.386787,1.547416,,
87354597,St-Sébastien-Frêne-Rond,Saint-Sebastien-Sur-Loire,LOIRE-ATLANTIQUE,47.190748,-1.49598,,
87354589,St-Sébastien-Pas-Enchantés,Saint-Sebastien-Sur-Loire,LOIRE-ATLANTIQUE,47.206977,-1.511061,,
87474312,St-Thégonnec,Saint-Thegonnec Loc-Eguiner,FINISTERE,48.495419,-3.94635,,
87761130,St-Vallier-sur-Rhône,Saint-Vallier,DROME,45.184505,4.814685,,
87415166,St-Victor,Saint-Maclou-De-Folleville,SEINE-MARITIME,49.676741,1.110132,,
87721043,St-Victor-Thizy,Saint-Victor-Sur-Rhins,LOIRE,46.00229,4.281196,,
87592683,St-Victurnien,Saint-Victurnien,HAUTE-VIENNE,45.876681,1.009793,,
87673277,St-Vincent-de-Tyrosse,Saint-Vincent-De-Tyrosse,LANDES,43.657685,-1.3055,,
87734715,St-Vincent-le-Château,Saint-Vincent,HAUTE-LOIRE,45.15006,3.918788,,
87718320,St-Vit,Saint-Vit,DOUBS,47.183648,5.808993,,
87592824,St-Yrieix,Saint-Yrieix-La-Perche,HAUTE-VIENNE,45.51905,1.205695,,
87747352,St-Égrève-St-Robert,Saint-Egreve,ISERE,45.235549,5.67109,,
87584102,St-Émilion,Saint-Emilion,GIRONDE,44.881121,-0.159157,,
87726190,St-Étienne-Bellevue,Saint-Etienne,LOIRE,45.416737,4.392621,,
87726901,St-Étienne-Carnot,Saint-Etienne,LOIRE,45.446713,4.384625,,
87726000,St-Étienne-Châteaucreux,Saint-Etienne,LOIRE,45.444379,4.396706,172,Paris Gare de Lyon
87726158,St-Étienne-La Terrasse,Saint-Etienne,LOIRE,45.465633,4.376956,,
87726174,St-Étienne-Le Clapier,Saint-Etienne,LOIRE,45.436592,4.378426,,
87481812,St-Étienne-de-Montluc,Saint-Etienne-De-Montluc,LOIRE-ATLANTIQUE,47.274731,-1.785798,,
87411215,St-Étienne-du-Rouvray,Saint-Etienne-Du-Rouvray,SEINE-MARITIME,49.377459,1.109489,,
87164780,Stade-de-France-St-Denis,Saint-Denis,SEINE-SAINT-DENIS,48.91755,2.350165,,
87182691,Staffelfelden,Staffelfelden,HAUT-RHIN,47.827554,7.265154,,
87697334,Stains-Cerisaie TT,Stains,SEINE-SAINT-DENIS,48.95474,2.39144,,
87476648,Ste-Anne,Pluneret,MORBIHAN,47.678397,-2.961339,,
87586479,Ste-Bazeille,Sainte-Bazeille,LOT-ET-GARONNE,44.53251,0.092992,,
87715151,Ste-Colombe,Sainte-Colombe,DOUBS,46.879202,6.266118,,
87116178,Ste-Colombe-Septveilles,Sainte-Colombe,SEINE-ET-MARNE,48.529337,3.255708,,
87775239,Ste-Cécile-d'Andorge,Sainte-Cecile-D'Andorge,GARD,44.255088,3.975742,,
87491282,Ste-Eulalie-Carbon-Blanc,Sainte-Eulalie,GIRONDE,44.898888,-0.492698,,
87584193,Ste-Foy-la-Grande,Pineuilh,GIRONDE,44.836746,0.221486,,
87545210,Ste-Geneviève-des-Bois,Sainte-Genevieve-Des-Bois,ESSONNE,48.652078,2.311251,,
87597054,Ste-Lizaigne,Sainte-Lizaigne,INDRE,47.004733,2.030892,,
87784850,Ste-Léocadie,Sainte-Leocadie,PYRENEES-ORIENTALES,42.441308,2.010769,,
87287193,Ste-Marguerite,Comines,NORD,50.740437,3.00921,,
87751842,Ste-Marthe-en-Provence,Marseille,BOUCHES-DU-RHONE,43.339334,5.390443,,
87575050,Ste-Maure-Noyant,Noyant-De-Touraine,INDRE-ET-LOIRE,47.111275,0.577057,,
87742262,Ste-Musse,Toulon,VAR,43.124357,5.973095,,
87481226,Ste-Pazanne,Sainte-Pazanne,LOIRE-ATLANTIQUE,47.102437,-1.817875,,
87342295,Steenbecque,Steenbecque,NORD,50.679643,2.508672,,
87286161,Steenwerck,Bailleul,NORD,50.713442,2.785581,,
87212209,Steinbourg,Steinbourg,BAS-RHIN,48.763487,7.413843,,
87212126,Stephansfeld,Brumath,BAS-RHIN,48.718322,7.704317,,
87212191,Strasbourg-Roethig,Lingolsheim,BAS-RHIN,48.563304,7.694915,,
87212027,Strasbourg-Ville,Strasbourg,BAS-RHIN,48.58287,7.731595,113,Paris Gare de l'Est
87286203,Strazeele,Strazeele,NORD,50.713613,2.630094,,
87590828,Sucé-sur-Erdre,Suce-Sur-Erdre,LOIRE-ATLANTIQUE,47.342703,-1.530637,,
87444562,Surdon,Le Chateau-D'Almeneches,ORNE,48.664368,0.135919,,
87382374,Suresnes-Mont-Valérien,Suresnes,HAUTS-DE-SEINE,48.871317,2.220779,,
87485227,Surgères,Surgeres,CHARENTE-MARITIME,46.113414,-0.7611,,
87276261,Survilliers-Fosses,Fosses,VAL-D'OISE,49.099542,2.525587,,
87726422,Sury-le-Comtal,Sury-Le-Comtal,LOIRE,45.529055,4.182501,,
87574236,Suèvres,Suevres,LOIR-ET-CHER,47.680633,1.454682,,
87773200,Sète,Sete,HERAULT,43.412799,3.696609,,
87393124,Sèvres-Rive-Gauche,Sevres,HAUTS-DE-SEINE,48.821111,2.214822,,
87382341,Sèvres-Ville-d'Avray,Sevres,HAUTS-DE-SEINE,48.826992,2.200692,,
87444695,Sées,Sees,ORNE,48.599428,0.166384,,
87214056,Sélestat,Selestat,BAS-RHIN,48.260654,7.442441,,
87753715,Sénas,Senas,BOUCHES-DU-RHONE,43.740893,5.073228,,
87751636,Séon-St-Henry,Marseille,BOUCHES-DU-RHONE,43.361122,5.342526,,
87381269,Sérifontaine,Serifontaine,OISE,49.356637,1.764408,,
87722546,Sérézin,Ternay,RHONE,45.626336,4.817243,,
87476754,Sévérac,Severac,LOIRE-ATLANTIQUE,47.549834,-2.072787,,
87783365,Sévérac-le-Château,Severac D'Aveyron,AVEYRON,44.311939,3.063254,,
87313882,TGV Haute-Picardie,Estrees-Deniecourt,SOMME,49.858641,2.832196,,
87393454,Tacoignières-Richebourg,Tacoignieres,YVELINES,48.829383,1.668976,,
87746750,Taconnaz,Les Houches,HAUTE-SAVOIE,45.899406,6.826163,,
87181057,Tagolsheim,Tagolsheim,HAUT-RHIN,47.65582,7.264319,,
87491043,Taillebourg,Taillebourg,CHARENTE-MARITIME,45.82966,-0.643918,,
87761163,Tain-l'Hermitage-Tournon,Tain-L'Hermitage,DROME,45.072028,4.841448,,
87141598,Tantonville,Tantonville,MEURTHE-ET-MOSELLE,48.483911,6.12921,,
87615674,Tanus,Tanus,TARN,44.100393,2.315304,,
87721472,Tarare,Tarare,RHONE,45.88967,4.439388,,
87765354,Tarascon,Tarascon,BOUCHES-DU-RHONE,43.801276,4.657792,,
87611590,Tarascon-sur-Ariège,Tarascon-Sur-Ariege,ARIEGE,42.849488,1.599986,,
87671008,Tarbes,Tarbes,HAUTES-PYRENEES,43.240314,0.068299,,
87721514,Tassin,Tassin-La-Demi-Lune,RHONE,45.761758,4.758653,,
87276634,Taverny,Taverny,VAL-D'OISE,49.025283,2.221583,,
87396051,Teillé,Teille,SARTHE,48.181389,0.191517,,
87286625,Templeuve,Templeuve-En-Pevele,NORD,50.528834,3.176194,,
87743757,Tenay-Hauteville,Tenay,AIN,45.922296,5.50096,,
87756882,Tende,Tende,ALPES-MARITIMES,44.089889,7.594322,,
87296442,Tergnier,Tergnier,AISNE,49.656445,3.295931,,
87594408,Terrasson,Terrasson-Lavilledieu,DORDOGNE,45.135805,1.300452,,
87615245,Tessonnières,Gaillac,TARN,43.929369,1.939094,,
87193342,Teting,Teting-Sur-Nied,MOSELLE,49.051719,6.664731,,
87182568,Thann,Thann,HAUT-RHIN,47.809052,7.106969,,
87472605,Thann-Centre,Thann,HAUT-RHIN,47.810006,7.101052,,
87182881,Thann-St-Jacques,Thann,HAUT-RHIN,47.813247,7.093343,,
87144097,Thaon,Thaon-Les-Vosges,VOSGES,48.244697,6.416023,,
87543199,Theillay,Theillay,LOIR-ET-CHER,47.315527,2.044528,,
87713099,Thenissey,Thenissey,COTE-D'OR,47.494525,4.623164,,
87595579,Thenon,Thenon,DORDOGNE,45.160018,1.068999,,
87141432,Thiaville,Thiaville-Sur-Meurthe,MEURTHE-ET-MOSELLE,48.413712,6.810429,,
87342287,Thiennes,Thiennes,NORD,50.65101,2.471271,,
87734475,Thiers,Thiers,PUY-DE-DOME,45.861205,3.543281,,
87272054,Thieux-Nantouillet,Nantouillet,SEINE-ET-MARNE,49.008626,2.680662,,
87191007,Thionville,Thionville,MOSELLE,49.353725,6.169815,,
87595124,Thiviers,Thiviers,DORDOGNE,45.419487,0.921932,,
87682252,Thomery,Fontainebleau,SEINE-ET-MARNE,48.394409,2.762225,,
87745646,Thonon-les-Bains,Thonon-Les-Bains,HAUTE-SAVOIE,46.369193,6.482719,,
87487009,Thouars,Thouars,DEUX-SEVRES,46.985051,-0.208939,,
87481143,Thouaré,Thouare-Sur-Loire,LOIRE-ATLANTIQUE,47.26518,-1.441081,,
87276741,Thourotte,Thourotte,OISE,49.475248,2.881414,,
87381822,Thun-le-Paradis,Meulan-En-Yvelines,YVELINES,49.006794,1.920223,,
87784751,Thuès,Thues-Entre-Valls,PYRENEES-ORIENTALES,42.522907,2.222778,,
87784744,Thuès-les-Bains,Nyer,PYRENEES-ORIENTALES,42.528885,2.249129,,
87757583,Théoule-sur-Mer,Theoule-Sur-Mer,ALPES-MARITIMES,43.513745,6.936819,,
87328195,Thésée,Thesee,LOIR-ET-CHER,47.321886,1.312942,,
87316125,Thézy-Glimont,Thezy-Glimont,SOMME,49.811782,2.435844,,
87215699,Tieffenbach-Struth,Tieffenbach,BAS-RHIN,48.906312,7.255222,,
87484147,Tiercé,Tierce,MAINE-ET-LOIRE,47.617521,-0.469585,,
87393587,Tillières,Tillieres-Sur-Avre,EURE,48.760845,1.05457,,
87342303,Tincques,Tincques,PAS-DE-CALAIS,50.357019,2.498194,,
87485151,Tonnay-Charente,Tonnay-Charente,CHARENTE-MARITIME,45.943377,-0.896182,,
87586651,Tonneins,Tonneins,LOT-ET-GARONNE,44.392746,0.314244,,
87713198,Tonnerre,Tonnerre,YONNE,47.859903,3.972539,,
87486894,Torfou,Sevremoine,MAINE-ET-LOIRE,47.032841,-1.093806,,
87718114,Torpes-Boussières,Torpes,DOUBS,47.163694,5.888707,,
87141044,Toul,Toul,MEURTHE-ET-MOSELLE,48.678414,5.877058,,
87755009,Toulon,Toulon,VAR,43.12843,5.930136,236,Paris Gare de Lyon
87611004,Toulouse-Matabiau,Toulouse,HAUTE-GARONNE,43.614683,1.4533,280,Paris Montparnasse
87286542,Tourcoing,Tourcoing,NORD,50.716659,3.168291,,
87116210,Tournan,Tournan-En-Brie,SEINE-ET-MARNE,48.739325,2.759411,,
87671172,Tournay,Tournay,HAUTES-PYRENEES,43.184079,0.238258,,
87783456,Tournemire-Roquefort,Tournemire,AVEYRON,43.969982,3.016591,,
87725622,Tournus,Tournus,SAONE-ET-LOIRE,46.565758,4.906558,,
87571000,Tours,Tours,INDRE-ET-LOIRE,47.38915,0.69416,78,Paris Montparnasse
87411181,Tourville,Tourville-La-Riviere,SEINE-MARITIME,49.324641,1.098673,,
87543074,Toury,Toury,EURE-ET-LOIR,48.192625,1.939511,,
87756817,Touët-de-l'Escarène,Touet-De-L'Escarene,ALPES-MARITIMES,43.847037,7.364668,,
87696161,Tracy-Sancerre,Tracy-Sur-Loire,NIEVRE,47.337551,2.880651,,
87322347,Traou-Nez,Plourivo,COTES-D'ARMOR,48.748555,-3.135155,,
87393835,Trappes,Trappes,YVELINES,48.775019,2.007197,,
87586446,Trentels-Ladignac,Trentels,LOT-ET-GARONNE,44.44297,0.885033,,
87286740,Tressin,Tressin,NORD,50.61225,3.189408,,
87313353,Tricot,Tricot,OISE,49.561042,2.581532,,
87381236,Trie-Château,Trie-Chateau,OISE,49.282324,1.818643,,
87381806,Triel-sur-Seine,Triel-Sur-Seine,YVELINES,48.980957,2.006125,,
87116491,Trilport,Trilport,SEINE-ET-MARNE,48.960191,2.949533,,
87343400,Trith-St-Léger,Trith-Saint-Leger,NORD,50.331573,3.489039,,
87184242,Trois-Chênes,Belfort,TERRITOIRE-DE-BELFORT,47.64642,6.847094,,
87696203,Tronsanges,Tronsanges,NIEVRE,47.113127,3.053983,,
87118000,Troyes,Troyes,AUBE,48.295565,4.065066,,
87473819,Trégonneau-Squiffiec,Squiffiec,COTES-D'ARMOR,48.624576,-3.174115,,
87484063,Trélazé,Trelaze,MAINE-ET-LOIRE,47.452605,-0.468657,,
87584474,Trémolat,Tremolat,DORDOGNE,44.862331,0.830416,,
87594499,Tulle,Tulle,CORREZE,45.257987,1.757331,,
87761759,Tullins-Fures,Tullins,ISERE,45.301212,5.492585,,
87182352,Turckheim,Turckheim,HAUT-RHIN,48.085603,7.279459,,
87594556,Turenne,Turenne,CORREZE,45.037831,1.600743,,
87673624,USTARITZ-JATXOU,Ustaritz,PYRENEES-ATLANTIQUES,43.404636,-1.448847,,
87775106,Uchaud,Uchaud,GARD,43.757979,4.267365,,
87191130,Uckange,Uckange,MOSELLE,49.303441,6.15619,,
87784884,Ur-les-Escaldes,Ur,PYRENEES-ORIENTALES,42.457471,1.940467,,
87214635,Urmatt,Urmatt,BAS-RHIN,48.525716,7.339126,,
87672386,Urt,Urt,PYRENEES-ATLANTIQUES,43.499384,-1.30072,,
87576348,Urçay,La Perche,CHER,46.629976,2.58663,,
87381178,Us,Us,VAL-D'OISE,49.099499,1.97061,,
87594093,Ussel,Ussel,CORREZE,45.557476,2.314573,,
87594200,Uzerche,Uzerche,CORREZE,45.440541,1.570388,,
87396598,Vaas,Vaas,SARTHE,47.671189,0.315543,,
87116293,Vaires-Torcy,Vaires-Sur-Marne,SEINE-ET-MARNE,48.875352,2.639799,,
87381798,Val-d'Argenteuil,Argenteuil,VAL-D'OISE,48.95026,2.230896,,
87113712,Val-de-Fontenay,Fontenay-Sous-Bois,VAL-DE-MARNE,48.85406,2.489241,,
87415877,Val-de-Reuil,Val-De-Reuil,EURE,49.275815,1.224704,,
87171611,Val-de-Vesle,Val-De-Vesle,MARNE,49.178115,4.222117,,
87761007,Valence,Valence,DROME,44.926841,4.892902,,
87763029,Valence-TGV,Alixan,DROME,44.991448,4.978737,132,Paris Gare de Lyon
87611863,Valence-d'Agen,Valence,TARN-ET-GARONNE,44.111538,0.892577,,
87343004,Valenciennes,Valenciennes,NORD,50.366158,3.518753,,
87576215,Valençay,Valencay,INDRE,47.163082,1.5585,,
87773432,Valergues-Lansargues,Valergues,HERAULT,43.672708,4.06034,,
87745414,Valleiry,Valleiry,HAUTE-SAVOIE,46.109427,5.967004,,
87192732,Valleroy-Moineville,Valleroy,MEURTHE-ET-MOSELLE,49.205088,5.934437,,
87641357,Vallon,Vallon-En-Sully,ALLIER,46.535841,2.611578,,
87746875,Vallorcine,Vallorcine,HAUTE-SAVOIE,46.032372,6.932852,,
87276535,Valmondois,Butry-Sur-Oise,VAL-D'OISE,49.091565,2.20199,,
87447284,Valognes,Valognes,MANCHE,49.499536,-1.472588,,
87192476,Vandières,Vandieres,MEURTHE-ET-MOSELLE,48.952504,6.038999,,
87476606,Vannes,Vannes,MORBIHAN,47.665073,-2.752854,156,Paris Montparnasse
87391532,Vanves-Malakoff,Vanves,HAUTS-DE-SEINE,48.818203,2.291885,,
87484386,Varades-St-Florent-le-Vieil,Loireauxence,LOIRE-ATLANTIQUE,47.374441,-1.019742,,
87141101,Varangéville-St-Nicolas,Varangeville,MEURTHE-ET-MOSELLE,48.635737,6.311746,,
87696351,Varennes-sur-Allier,Varennes-Sur-Allier,ALLIER,46.316987,3.392432,,
87576231,Varennes-sur-Fouzon,Val-Fouzon,INDRE,47.214422,1.614585,,
87594606,Varetz,Varetz,CORREZE,45.19111,1.44741,,
87611327,Varilhes,Varilhes,ARIEGE,43.041505,1.628432,,
87393538,Vauboyen,Bievres,ESSONNE,48.758072,2.194529,,
87276626,Vaucelles,Taverny,VAL-D'OISE,49.021591,2.229794,,
87382267,Vaucresson,Vaucresson,HAUTS-DE-SEINE,48.836703,2.152514,,
87746727,Vaudagne,Les Houches,HAUTE-SAVOIE,45.908833,6.772719,,
87592451,Vaulry,Vaulry,HAUTE-VIENNE,46.024766,1.109088,,
87271601,Vaumoise,Coyolles,AISNE,49.233835,2.988528,,
87775817,Vauvert,Vauvert,GARD,43.69506,4.270078,,
87381814,Vaux-sur-Seine,Vaux-Sur-Seine,YVELINES,49.007267,1.963193,,
87297283,Vauxaillon,Vauxaillon,AISNE,49.474224,3.409799,,
87691469,Vauzelles,Varennes-Vauzelles,NIEVRE,47.001377,3.134368,,
87594739,Vayrac,Vayrac,LOT,44.950128,1.706369,,
87584714,Vayres,Vayres,GIRONDE,44.896303,-0.315691,,
87726208,Veauche-St-Galmier,Veauche,LOIRE,45.567872,4.293266,,
87571414,Veigné,Veigne,INDRE-ET-LOIRE,47.291503,0.734442,,
87712331,Velars,Velars-Sur-Ouche,COTE-D'OR,47.326787,4.927736,,
87212118,Vendenheim,Eckwersheim,BAS-RHIN,48.67859,7.715134,,
87118257,Vendeuvre (Aube),Vendeuvre-Sur-Barse,AUBE,48.240339,4.467805,,
87574558,Vendôme,Vendome,LOIR-ET-CHER,47.802587,1.070514,,
87571216,Vendôme-Villiers-sur-Loir,Villiers-Sur-Loir,LOIR-ET-CHER,47.809458,1.014994,,
87175778,Verdun,Verdun,MEUSE,49.165513,5.378756,,
87775114,Vergèze-Codognan,Vergeze,GARD,43.739779,4.219113,,
87683664,Vermenton,Vermenton,YONNE,47.660552,3.731979,,
87471029,Vern,Vern-Sur-Seiche,ILLE-ET-VILAINE,48.046975,-1.596591,,
87722264,Vernaison,Vernaison,RHONE,45.643752,4.812009,,
87611350,Vernet-d'Ariège,Le Vernet,ARIEGE,43.189346,1.611607,,
87116079,Verneuil-l'Étang,Verneuil-L'Etang,SEINE-ET-MARNE,48.644309,2.825298,,
87393595,Verneuil-sur-Avre,Verneuil D'Avre Et D'Iton,EURE,48.742723,0.929326,,
87297119,Verneuil-sur-Serre,Verneuil-Sur-Serre,AISNE,49.647057,3.666279,,
87592675,Verneuil-sur-Vienne,Verneuil-Sur-Vienne,HAUTE-VIENNE,45.837854,1.11272,,
87415604,Vernon-Giverny,Vernon,EURE,49.091603,1.477749,,
87682468,Vernou-sur-Seine,Vernou-La-Celle-Sur-Seine,SEINE-ET-MARNE,48.386363,2.842611,,
87386656,Vernouillet-Verneuil,Verneuil-Sur-Seine,YVELINES,48.98206,1.982093,,
87713081,Verrey,Verrey-Sous-Salmaise,COTE-D'OR,47.438803,4.669897,,
87393009,Versailles-Chantiers,Versailles,YVELINES,48.795404,2.13706,,
87393157,Versailles-Rive-Gauche,Versailles,YVELINES,48.800261,2.129015,,
87296608,Versigny,Versigny,AISNE,49.657306,3.433657,,
87271437,Vert-Galant,Villepinte,SEINE-SAINT-DENIS,48.944322,2.566922,,
87734426,Vertaizon,Vertaizon,PUY-DE-DOME,45.78464,3.288416,,
87481408,Vertou,Vertou,LOIRE-ATLANTIQUE,47.186052,-1.477991,,
87296129,Vervins,Vervins,AISNE,49.830044,3.893395,,
87615138,Verzeille,Leuc,AUDE,43.13049,2.321303,,
87185009,Vesoul,Vesoul,HAUTE-SAONE,47.617367,6.153017,,
87574327,Veuves-Monteaux,Veuzain-Sur-Loire,LOIR-ET-CHER,47.475628,1.123861,,
87763300,Veynes-Dévoluy,Veynes,HAUTES-ALPES,44.531851,5.815846,,
87746735,Viaduc-Ste-Marie,Les Houches,HAUTE-SAVOIE,45.897082,6.785063,,
87276568,Viarmes,Viarmes,VAL-D'OISE,49.116695,2.368521,,
87781260,Vias,Vias,HERAULT,43.316073,3.425535,,
87773531,Vic-Mireval,Vic-La-Gardiole,HERAULT,43.500777,3.79952,,
87734186,Vic-le-Comte,Vic-Le-Comte,PUY-DE-DOME,45.664928,3.206926,,
87645440,Vic-sur-Cère,Vic-Sur-Cere,CANTAL,44.975829,2.631607,,
87732008,Vichy,Vichy,ALLIER,46.126839,3.430725,,
87755421,Vidauban,Vidauban,VAR,43.432452,6.43329,,
87597633,Vieilleville,Mourioux-Vieilleville,CREUSE,46.091205,1.673569,,
87615492,Vielmur-sur-Agout,Vielmur-Sur-Agout,TARN,43.6241,2.089417,,
87722587,Vienne,Vienne,ISERE,45.520064,4.873122,,
87576090,Vierzon-Forges,Vierzon,CHER,47.212583,2.097061,,
87576009,Vierzon-Ville,Vierzon,CHER,47.227309,2.057635,,
87271783,Vierzy,Vierzy,AISNE,49.291054,3.27759,,
87182550,Vieux-Thann,Vieux-Thann,HAUT-RHIN,47.805315,7.120561,,
87181289,Vieux-Thann ZI,Vieux-Thann,HAUT-RHIN,47.80207,7.132892,,
87747576,Vif,Vif,ISERE,45.047598,5.685185,,
87594218,Vigeois,Vigeois,CORREZE,45.382694,1.514969,,
87681304,Vigneux-sur-Seine,Vigneux-Sur-Seine,ESSONNE,48.708429,2.414485,,
87594655,Vignols-St-Solve,Saint-Solve,CORREZE,45.312991,1.39762,,
87142232,Vignory,Vignory,HAUTE-MARNE,48.270581,5.124169,,
87681619,Villabé,Villabe,ESSONNE,48.592646,2.461828,,
87272021,Villaines,Villaines-Sous-Bois,VAL-D'OISE,49.078521,2.349186,,
87723759,Villars-les-Dombes,Villars-Les-Dombes,AIN,46.004247,5.028308,,
87447698,Villedieu-les-Poêles,Villedieu-Les-Poeles-Rouffigny,MANCHE,48.833945,-1.224017,,
87775197,Villefort,Villefort,LOZERE,44.439462,3.924035,,
87784686,Villefranche-Vernet-les-Bains,Corneilla-De-Conflent,PYRENEES-ORIENTALES,42.595725,2.375377,,
87615013,Villefranche-de-Lauragais,Villefranche-De-Lauragais,HAUTE-GARONNE,43.400948,1.712222,,
87613893,Villefranche-de-Rouergue,Villefranche-De-Rouergue,AVEYRON,44.347749,2.037331,,
87595892,Villefranche-du-Périgord,Loubejac,DORDOGNE,44.626952,1.04916,,
87576884,Villefranche-sur-Cher,Villefranche-Sur-Cher,LOIR-ET-CHER,47.294945,1.768872,,
87756361,Villefranche-sur-Mer,Villefranche-Sur-Mer,ALPES-MARITIMES,43.707001,7.314607,,
87721332,Villefranche-sur-Saône,Villefranche-Sur-Saone,RHONE,45.983595,4.720842,,
87673616,Villefranque,Villefranque,PYRENEES-ATLANTIQUES,43.431475,-1.456459,,
87576165,Villeherviers,Villeherviers,LOIR-ET-CHER,47.369371,1.797307,,
87581835,Villenave-d'Ornon,Villenave-D'Ornon,GIRONDE,44.768653,-0.547485,,
87756304,Villeneuve-Loubet-Plage,Villeneuve-Loubet,ALPES-MARITIMES,43.629815,7.134411,,
87681825,Villeneuve-St-Georges,Villeneuve-Saint-Georges,VAL-DE-MARNE,48.731499,2.446374,,
87681809,Villeneuve-Triage,Villeneuve-Saint-Georges,VAL-DE-MARNE,48.745523,2.438451,,
87491258,Villeneuve-la-Comtesse,Villeneuve-La-Comtesse,CHARENTE-MARITIME,46.100554,-0.512504,,
87683102,Villeneuve-la-Guyard,Villeneuve-La-Guyard,YONNE,48.343016,3.070367,,
87545277,Villeneuve-le-Roi,Villeneuve-Le-Roi,VAL-DE-MARNE,48.738138,2.426947,,
87773515,Villeneuve-lès-Maguelone,Villeneuve-Les-Maguelone,HERAULT,43.543755,3.849918,,
87696310,Villeneuve-sur-Allier,Villeneuve-Sur-Allier,ALLIER,46.660438,3.244615,,
87683219,Villeneuve-sur-Yonne,Villeneuve-Sur-Yonne,YONNE,48.086154,3.286339,,
87386649,Villennes-sur-Seine,Villennes-Sur-Seine,YVELINES,48.940474,1.999406,,
87618215,Villenouvelle,Villenouvelle,HAUTE-GARONNE,43.43491,1.656898,,
87271510,Villeparisis,Mitry-Mory,SEINE-ET-MARNE,48.953134,2.602988,,
87575043,Villeperdue,Villeperdue,INDRE-ET-LOIRE,47.201961,0.633681,,
87271452,Villepinte,Villepinte,SEINE-SAINT-DENIS,48.963109,2.512419,,
87393413,Villepreux-les-Clayes,Les Clayes-Sous-Bois,YVELINES,48.824004,1.99245,,
87743328,Villereversure,Villereversure,AIN,46.194573,5.398259,,
87313437,Villers-Bretonneux,Villers-Bretonneux,SOMME,49.862643,2.521487,,
87271734,Villers-Cotterêts,Villers-Cotterets,AISNE,49.238342,3.099308,,
87276378,Villers-St-Paul,Villers-Saint-Paul,OISE,49.282576,2.489632,,
87313593,Villers-St-Sépulcre,Villers-Saint-Sepulcre,OISE,49.367247,2.221714,,
87713339,Villers-les-Pots,Villers-Les-Pots,COTE-D'OR,47.206514,5.348172,,
87444398,Villers-sur-Mer,Villers-Sur-Mer,CALVADOS,49.315874,0.010054,,
87697318,Villetaneuse-Université TT,Villetaneuse,SEINE-SAINT-DENIS,48.959948,2.342315,,
87116749,Villiers-Montbarbin,Crecy-La-Chapelle,SEINE-ET-MARNE,48.863257,2.883149,,
87393884,Villiers-Neauphle-Pontchartrain,Villiers-Saint-Frederic,YVELINES,48.815275,1.877545,,
87276220,Villiers-le-Bel-Gonesse-Arnouville,Arnouville,VAL-D'OISE,48.993973,2.416454,,
87113795,Villiers-sur-Marne-Le Plessis-Trévise,Villiers-Sur-Marne,VAL-DE-MARNE,48.823123,2.542629,,
87342576,Vimy,Vimy,PAS-DE-CALAIS,50.373961,2.822605,,
87761726,Vinay,Vinay,ISERE,45.208071,5.41042,,
87683631,Vincelles,Vincelles,YONNE,47.704078,3.62872,,
87144063,Vincey,Portieux,VOSGES,48.343251,6.335789,,
87784611,Vinça,Vinca,PYRENEES-ORIENTALES,42.650497,2.534477,,
87741108,Vions-Chanaz,Vions,SAVOIE,45.824626,5.806989,,
87448159,Vire,Vire Normandie,CALVADOS,48.84661,-0.881977,,
87172114,Vireux-Molhain,Vireux-Molhain,ARDENNES,50.083485,4.723153,,
87741504,Virieu-le-Grand-Belley,Virieu-Le-Grand,AIN,45.849242,5.654726,,
87747204,Virieu-sur-Bourbre,Val-De-Virieu,ISERE,45.491627,5.471869,,
87382887,Viroflay-Rive-Droite,Viroflay,YVELINES,48.805476,2.167812,,
87393215,Viroflay-Rive-Gauche,Viroflay,YVELINES,48.800705,2.1711,,
87681312,Viry-Châtillon,Viry-Chatillon,ESSONNE,48.676122,2.386823,,
87297051,Viry-Noureuil,Viry-Noureuil,AISNE,49.626886,3.249446,,
87342535,Vis-à-Marles,Marles-Les-Mines,PAS-DE-CALAIS,50.504817,2.516969,,
87439554,Vitrolles-Aéroport-Marseille-Provence,Vitrolles,BOUCHES-DU-RHONE,43.438944,5.236499,,
87342113,Vitry-en-Artois,Vitry-En-Artois,PAS-DE-CALAIS,50.327283,2.980869,,
87174276,Vitry-le-François,Vitry-Le-Francois,MARNE,48.717789,4.587569,,
87545293,Vitry-sur-Seine,Vitry-Sur-Seine,VAL-DE-MARNE,48.798814,2.403549,,
87471508,Vitré,Vitre,ILLE-ET-VILAINE,48.122564,-1.210889,,
87144279,Vittel,Vittel,VOSGES,48.202635,5.942242,,
87741140,Viviers-du-Lac,Viviers-Du-Lac,SAVOIE,45.64999,5.903635,,
87613661,Viviez-Decazeville,Viviez,AVEYRON,44.555953,2.218316,,
87396077,Vivoin-Beaumont,Vivoin,SARTHE,48.230199,0.144909,,
87575290,Vivonne,Vivonne,VIENNE,46.426483,0.265134,,
87756890,Viévola,Tende,ALPES-MARITIMES,44.11238,7.563037,,
87747287,Voiron,Voiron,ISERE,45.363845,5.594987,,
87396358,Voivres,Voivres-Les-Le-Mans,SARTHE,47.930292,0.085122,,
87641423,Volvic,Volvic,PUY-DE-DOME,45.86473,3.003425,,
87725820,Vonnas,Vonnas,AIN,46.227248,4.99182,,
87747337,Voreppe,Voreppe,ISERE,45.290196,5.63214,,
87734723,Vorey,Vorey,HAUTE-LOIRE,45.183917,3.910845,,
87682500,Vosves,Dammarie-Les-Lys,SEINE-ET-MARNE,48.51516,2.59932,,
87713511,Vougeot-Gilly-lès-Cîteaux,Gilly-Les-Citeaux,COTE-D'OR,47.175282,4.97146,,
87184531,Voujeaucourt,Voujeaucourt,DOUBS,47.478945,6.770008,,
87478560,Voutré,Voutre,MAYENNE,48.133941,-0.291178,,
87545707,Voves,Les Villages Voveens,EURE-ET-LOIR,48.275078,1.6222,,
87297150,Voyenne,Voyenne,AISNE,49.726253,3.720663,,
87143024,Vraincourt-Viéville,Vraincourt,HAUTE-MARNE,48.236876,5.123891,,
87172221,Vrigne-Meuse,Vrigne-Meuse,ARDENNES,49.700888,4.843348,,
87682443,Vulaines-sur-Seine-Samoreau,Vulaines-Sur-Seine,SEINE-ET-MARNE,48.430569,2.753071,,
87584177,Vélines,Velines,DORDOGNE,44.851935,0.103699,,
87611392,Vénerque-le-Vernet,Vernet,HAUTE-GARONNE,43.433318,1.425899,,
87723320,Vénissieux,Venissieux,RHONE,45.705042,4.888305,,
87574434,Véretz-Montlouis,Montlouis-Sur-Loire,INDRE-ET-LOIRE,47.371343,0.820376,,
87141606,Vézelise,Vezelise,MEURTHE-ET-MOSELLE,48.480658,6.100776,,
87316208,Wacquemoulin,Wacquemoulin,OISE,49.502891,2.61167,,
87182360,Walbach,Wintzenheim,HAUT-RHIN,48.057922,7.233704,,
87213405,Walbourg,Walbourg,BAS-RHIN,48.885916,7.809328,,
87181065,Walheim,Walheim,HAUT-RHIN,47.642576,7.263163,,
87191098,Walygator-Parc,Maizieres-Les-Metz,MOSELLE,49.224209,6.159517,,
87345595,Wambaix,Wambaix,NORD,50.13385,3.311106,,
87286229,Wambrechies,Wambrechies,NORD,50.681038,3.040477,,
87281436,Watten-Éperlecques,Eperlecques,PAS-DE-CALAIS,50.826197,2.207497,,
87286526,Wattignies-Templemars,Templemars,NORD,50.579055,3.051572,,
87286419,Wavrin,Wavrin,NORD,50.574486,2.936376,,
87182618,Wesserling,Fellering,HAUT-RHIN,47.889893,6.997714,,
87213678,Weyersheim,Weyersheim,BAS-RHIN,48.717981,7.797038,,
87182378,Wihr-au-Val-Soultzbach-les-Bains,Wihr-Au-Val,HAUT-RHIN,48.046137,7.209783,,
87182584,Willer-sur-Thur,Willer-Sur-Thur,HAUT-RHIN,47.842852,7.069078,,
87212175,Wilwisheim,Wilwisheim,BAS-RHIN,48.745984,7.506447,,
87317123,Wimille-Wimereux,Wimille,PAS-DE-CALAIS,50.764137,1.613746,,
87213744,Wingen-sur-Moder,Wingen-Sur-Moder,BAS-RHIN,48.920085,7.38154,,
87214676,Wisches,Wisches,BAS-RHIN,48.507473,7.270155,,
87213470,Wissembourg,Wissembourg,BAS-RHIN,49.031479,7.950535,,
87193656,Wittring,Wittring,MOSELLE,49.055958,7.14082,,
87317511,Woincourt,Woincourt,SOMME,50.058738,1.537182,,
87192088,Woippy,Woippy,MOSELLE,49.148719,6.156083,,
87144121,Xertigny,Xertigny,VOSGES,48.052936,6.376736,,
87141549,Xeuilley,Xeuilley,MEURTHE-ET-MOSELLE,48.569674,6.101969,,
87582536,Ychoux,Ychoux,LANDES,44.329155,-0.946028,,
87682112,Yerres,Yerres,ESSONNE,48.706157,2.481266,,
87473116,Yffiniac,Yffiniac,COTES-D'ARMOR,48.470035,-2.651228,,
87671487,Ygos,Ygos-Saint-Saturnin,LANDES,43.978284,-0.736195,,
87645101,Ytrac,Ytrac,CANTAL,44.910556,2.364531,,
87191304,Yutz,Yutz,MOSELLE,49.361146,6.209598,,
87413385,Yvetot,Yvetot,SEINE-MARITIME,49.622268,0.750588,,
87193649,Zetting,Zetting,MOSELLE,49.078217,7.134245,,
87182196,Zillisheim,Zillisheim,HAUT-RHIN,47.694582,7.295754,,
87472639,Zu-Rhein,Mulhouse,HAUT-RHIN,47.743548,7.317323,,
87756387,Èze,Eze,ALPES-MARITIMES,43.722356,7.357518,,
87191379,Ébersviller,Ebersviller,MOSELLE,49.27476,6.411342,,
87725895,Échirolles,Echirolles,ISERE,45.152776,5.719928,,
87710731,École-Valentin,Ecole-Valentin,DOUBS,47.274879,5.994104,,
87396564,Écommoy,Ecommoy,SARTHE,47.825086,0.268203,,
87444547,Écouché,Ecouche-Les-Vallees,ORNE,48.714839,-0.120942,,
87276394,Écouen-Ézanville,Ezanville,VAL-D'OISE,49.022589,2.363154,,
87484113,Écouflant,Ecouflant,MAINE-ET-LOIRE,47.503588,-0.519704,,
87721506,Écully-la-Demi-Lune,Tassin-La-Demi-Lune,RHONE,45.765804,4.77915,,
87594168,Égletons,Egletons,CORREZE,45.402497,2.064714,,
87545475,Égly,Egly,ESSONNE,48.582411,2.222189,,
87597153,Éguzon,Eguzon-Chantome,INDRE,46.441401,1.552083,,
87144436,Éloyes,Eloyes,VOSGES,48.087169,6.599954,,
87116046,Émerainville-Pontault-Combault,Emerainville,SEINE-ET-MARNE,48.806399,2.617536,,
87575357,Épanvilliers,Blanzay,VIENNE,46.226902,0.235835,,
87394114,Épernon,Epernon,EURE-ET-LOIR,48.605021,1.681624,,
87741280,Épierre-St-Léger,Epierre,SAVOIE,45.458376,6.292819,,
87144006,Épinal,Epinal,VOSGES,48.177782,6.441425,,
87271122,Épinay-Villetaneuse,Epinay-Sur-Seine,SEINE-SAINT-DENIS,48.957962,2.328533,,
87697300,Épinay-Villetaneuse TT,Montmagny,SEINE-SAINT-DENIS,48.959021,2.328595,,
87545228,Épinay-sur-Orge,Epinay-Sur-Orge,ESSONNE,48.668665,2.329526,,
87271148,Épinay-sur-Seine,Epinay-Sur-Seine,SEINE-SAINT-DENIS,48.954057,2.302366,,
87697292,Épinay-sur-Seine TT,Epinay-Sur-Seine,SEINE-SAINT-DENIS,48.954264,2.301875,,
87276147,Épluches,Saint-Ouen-L'Aumone,VAL-D'OISE,49.055352,2.123062,,
87413732,Épouville,Epouville,SEINE-MARITIME,49.563683,0.223551,,
87386763,Épône-Mézières,Mezieres-Sur-Seine,YVELINES,48.963262,1.807384,,
87381418,Éragny-Neuville,Eragny,VAL-D'OISE,49.017995,2.090607,,
87175794,Étain,Etain,MEUSE,49.207572,5.639776,,
87413328,Étainhus-St-Romain,Etainhus,SEINE-MARITIME,49.561254,0.330952,,
87718536,Étalans,Etalans,DOUBS,47.155997,6.270617,,
87545137,Étampes,Etampes,ESSONNE,48.436076,2.157643,,
87694141,Étang,Etang-Sur-Arroux,SAONE-ET-LOIRE,46.868012,4.183714,,
87317065,Étaples-Le Touquet,Etaples,PAS-DE-CALAIS,50.516801,1.643222,,
87683201,Étigny-Véron,Etigny,YONNE,48.138588,3.290113,,
87144642,Étival-Clairefontaine,Etival-Clairefontaine,VOSGES,48.366636,6.876939,,
87484154,Étriché-Châteauneuf,Etriche,MAINE-ET-LOIRE,47.65657,-0.460601,,
87545145,Étréchy,Etrechy,ESSONNE,48.492202,2.193552,,
87745679,Évian-les-Bains,Evian-Les-Bains,HAUTE-SAVOIE,46.397753,6.578427,,
87387001,Évreux-Embranchement,Evreux,EURE,49.018403,1.150557,,
87478552,Évron,Evron,MAYENNE,48.155057,-0.396317,,
87681387,Évry-Courcouronnes,Evry-Courcouronnes,ESSONNE,48.625978,2.429374,,
